0, 1
1, 0
1, 2
2, 1
0, 3
3, 0
4, 5
5, 4
9, 10
10, 9
11, 12
12, 11
23, 24
24, 23
23, 25
25, 23
30, 31
31, 30
33, 34
34, 33
50, 51
51, 50
2, 80
80, 2
80, 81
81, 82
82, 83
83, 82
84, 83
83, 84
81, 84
2, 85
85, 2
85, 86
86, 87
82, 88
88, 82
1235, 88
88, 1235
86, 89
86, 90
86, 91
91, 92
92, 91
89, 92
92, 89
86, 93
93, 94
94, 93
89, 94
94, 89
93, 95
95, 93
1239, 95
95, 1239
86, 96
96, 97
97, 96
100, 97
97, 100
86, 98
98, 99
99, 98
1239, 99
99, 1239
86, 100
100, 101
101, 100
1241, 101
101, 1241
100, 102
102, 100
1242, 102
102, 1242
100, 103
103, 100
1249, 103
103, 1249
86, 104
104, 105
105, 104
1245, 105
105, 1245
104, 106
106, 104
1247, 106
106, 1247
85, 107
107, 108
108, 107
86, 109
82, 110
110, 82
1235, 110
110, 1235
86, 111
86, 112
86, 113
91, 114
114, 91
89, 114
114, 89
86, 115
93, 116
116, 93
89, 116
116, 89
93, 117
117, 93
1239, 117
117, 1239
86, 118
96, 119
119, 96
100, 119
119, 100
86, 120
98, 121
121, 98
1239, 121
121, 1239
86, 122
100, 123
123, 100
1241, 123
123, 1241
100, 124
124, 100
1242, 124
124, 1242
100, 125
125, 100
1249, 125
125, 1249
86, 126
104, 127
127, 104
1245, 127
127, 1245
104, 128
128, 104
1247, 128
128, 1247
107, 129
129, 107
129, 130
129, 131
131, 132
132, 131
1293, 132
132, 1293
131, 133
133, 131
1297, 133
133, 1297
129, 134
129, 135
135, 136
136, 135
129, 137
137, 138
138, 137
129, 139
129, 140
129, 141
141, 142
142, 141
134, 142
142, 134
107, 143
143, 107
143, 144
82, 145
145, 82
146, 145
145, 146
143, 146
146, 147
147, 146
146, 147
147, 146
143, 148
143, 149
149, 150
150, 149
146, 150
150, 146
149, 151
151, 149
1308, 151
151, 1308
143, 152
152, 153
153, 152
146, 153
153, 146
143, 154
154, 155
155, 154
146, 155
155, 146
154, 156
156, 154
152, 156
156, 152
154, 157
157, 154
1295, 157
157, 1295
154, 158
158, 154
1307, 158
158, 1307
143, 159
159, 160
160, 159
1235, 160
160, 1235
159, 161
161, 159
1301, 161
161, 1301
143, 162
162, 163
163, 162
374, 163
163, 374
162, 164
164, 162
374, 164
164, 374
162, 165
165, 162
1297, 165
165, 1297
162, 166
166, 162
1301, 166
166, 1301
143, 167
167, 168
168, 167
1308, 168
168, 1308
143, 169
169, 170
170, 169
167, 170
170, 167
143, 171
143, 172
172, 173
173, 172
171, 173
173, 171
143, 174
174, 175
175, 174
171, 175
175, 171
143, 176
176, 177
177, 176
174, 177
177, 174
176, 178
178, 176
1239, 178
178, 1239
143, 179
179, 180
180, 179
176, 180
180, 176
107, 181
181, 107
181, 182
181, 183
183, 184
184, 183
1298, 184
184, 1298
183, 185
185, 183
1430, 185
185, 1430
183, 186
186, 183
1300, 186
186, 1300
183, 187
187, 183
1301, 187
187, 1301
183, 188
188, 183
1300, 188
188, 1300
183, 189
189, 183
1434, 189
189, 1434
183, 190
190, 183
1435, 190
190, 1435
183, 191
191, 183
1436, 191
191, 1436
107, 192
192, 107
192, 193
82, 194
194, 82
219, 194
194, 219
82, 195
195, 82
1301, 195
195, 1301
192, 196
196, 197
197, 196
219, 197
197, 219
196, 198
198, 196
1348, 198
198, 1348
192, 199
192, 200
200, 201
201, 200
208, 201
201, 208
200, 202
202, 200
1308, 202
202, 1308
200, 203
203, 200
1301, 203
203, 1301
192, 204
204, 205
205, 204
196, 205
205, 196
204, 206
206, 204
220, 206
206, 220
204, 207
207, 204
243, 207
207, 243
192, 208
208, 209
209, 208
220, 209
209, 220
208, 210
210, 208
235, 210
210, 235
208, 211
211, 208
239, 211
211, 239
208, 212
212, 208
240, 212
212, 240
208, 213
213, 208
229, 213
213, 229
208, 214
214, 208
243, 214
214, 243
208, 215
215, 208
1270, 215
215, 1270
208, 216
216, 208
1297, 216
216, 1297
208, 217
217, 208
1301, 217
217, 1301
208, 218
218, 208
1294, 218
218, 1294
192, 219
192, 220
220, 221
221, 220
1442, 221
221, 1442
192, 222
192, 223
223, 224
224, 223
354, 224
224, 354
223, 225
225, 223
1301, 225
225, 1301
223, 226
226, 223
1301, 226
226, 1301
192, 227
227, 228
228, 227
222, 228
228, 222
192, 229
229, 230
230, 229
199, 230
230, 199
229, 231
231, 229
363, 231
231, 363
229, 232
232, 229
354, 232
232, 354
229, 233
233, 229
1351, 233
233, 1351
229, 234
234, 229
1351, 234
234, 1351
192, 235
235, 236
236, 235
199, 236
236, 199
235, 237
237, 235
223, 237
237, 223
235, 238
238, 235
227, 238
238, 227
192, 239
192, 240
240, 241
241, 240
199, 241
241, 199
240, 242
242, 240
361, 242
242, 361
192, 243
243, 244
244, 243
199, 244
244, 199
243, 245
245, 243
252, 245
245, 252
243, 246
246, 243
248, 246
246, 248
243, 247
247, 243
1307, 247
247, 1307
192, 248
248, 249
249, 248
354, 249
249, 354
248, 250
250, 248
1307, 250
250, 1307
248, 251
251, 248
1308, 251
251, 1308
192, 252
252, 253
253, 252
841, 253
253, 841
85, 254
254, 255
255, 254
100, 255
255, 100
254, 256
256, 254
1249, 256
256, 1249
254, 257
257, 254
1251, 257
257, 1251
2, 258
258, 2
258, 259
2, 260
260, 2
260, 261
261, 262
262, 261
1253, 262
262, 1253
261, 263
263, 261
1249, 263
263, 1249
260, 264
260, 265
260, 266
266, 267
267, 266
264, 267
267, 264
266, 268
268, 266
265, 268
268, 265
266, 269
269, 266
261, 269
269, 261
260, 270
270, 271
271, 270
261, 271
271, 261
270, 272
272, 270
1256, 272
272, 1256
260, 273
260, 274
274, 275
275, 274
273, 275
275, 273
274, 276
276, 274
1249, 276
276, 1249
260, 277
277, 278
278, 277
274, 278
278, 274
277, 279
279, 277
266, 279
279, 266
277, 280
280, 277
270, 280
280, 270
277, 281
281, 277
1263, 281
281, 1263
277, 282
282, 277
1249, 282
282, 1249
260, 283
283, 284
284, 283
277, 284
284, 277
283, 285
285, 283
1267, 285
285, 1267
283, 286
286, 283
1269, 286
286, 1269
283, 287
287, 283
1270, 287
287, 1270
283, 288
288, 283
1271, 288
288, 1271
260, 289
289, 290
290, 289
283, 290
290, 283
289, 291
291, 289
1273, 291
291, 1273
289, 292
292, 289
1280, 292
292, 1280
289, 293
293, 289
1288, 293
293, 1288
289, 294
294, 289
289, 295
295, 289
1236, 295
295, 1236
2, 296
296, 2
296, 297
261, 298
298, 261
1253, 298
298, 1253
261, 299
299, 261
1249, 299
299, 1249
296, 300
264, 301
301, 264
1288, 301
301, 1288
264, 302
302, 264
1289, 302
302, 1289
296, 303
296, 304
266, 305
305, 266
264, 305
305, 264
266, 306
306, 266
265, 306
306, 265
266, 307
307, 266
261, 307
307, 261
296, 308
270, 309
309, 270
261, 309
309, 261
270, 310
310, 270
1256, 310
310, 1256
296, 311
273, 312
312, 273
273, 313
313, 273
296, 314
296, 315
277, 316
316, 277
274, 316
316, 274
277, 317
317, 277
266, 317
317, 266
277, 318
318, 277
270, 318
318, 270
277, 319
319, 277
1263, 319
319, 1263
296, 320
283, 321
321, 283
277, 321
321, 277
283, 322
322, 283
1267, 322
322, 1267
283, 323
323, 283
1269, 323
323, 1269
283, 324
324, 283
1270, 324
324, 1270
283, 325
325, 283
1271, 325
325, 1271
2, 326
326, 2
326, 327
327, 328
82, 329
329, 82
134, 329
329, 134
82, 330
330, 82
341, 330
330, 341
82, 331
331, 82
340, 331
331, 340
82, 332
332, 82
343, 332
332, 343
82, 333
333, 82
1237, 333
333, 1237
82, 334
334, 82
1235, 334
334, 1235
82, 335
335, 82
1307, 335
335, 1307
82, 336
336, 82
1294, 336
336, 1294
82, 337
337, 82
1308, 337
337, 1308
82, 338
338, 82
1256, 338
338, 1256
82, 339
339, 82
1258, 339
339, 1258
327, 340
327, 341
341, 342
342, 341
327, 343
343, 344
344, 343
352, 344
344, 352
343, 345
345, 343
1235, 345
345, 1235
343, 346
346, 343
1267, 346
346, 1267
343, 347
347, 343
1269, 347
347, 1269
343, 348
348, 343
1301, 348
348, 1301
343, 349
349, 343
1270, 349
349, 1270
343, 350
350, 343
1258, 350
350, 1258
343, 351
351, 343
1271, 351
351, 1271
327, 352
352, 353
353, 352
357, 353
353, 357
327, 354
354, 355
355, 354
354, 356
356, 354
1308, 356
356, 1308
327, 357
357, 358
358, 357
354, 358
358, 354
357, 359
359, 357
357, 360
360, 357
327, 361
361, 362
362, 361
327, 363
363, 364
364, 363
327, 365
365, 366
366, 365
1249, 366
366, 1249
365, 367
367, 365
1318, 367
367, 1318
326, 368
368, 369
369, 368
354, 369
369, 354
368, 370
370, 368
1280, 370
370, 1280
2, 371
371, 2
371, 372
372, 373
373, 372
1320, 373
373, 1320
371, 374
374, 375
375, 374
1236, 375
375, 1236
371, 376
371, 377
377, 378
378, 377
1321, 378
378, 1321
377, 379
379, 377
1322, 379
379, 1322
377, 380
380, 377
1323, 380
380, 1323
371, 381
381, 382
382, 381
1321, 382
382, 1321
381, 383
383, 381
1323, 383
383, 1323
381, 384
384, 381
1322, 384
384, 1322
371, 385
385, 386
386, 385
149, 386
386, 149
385, 387
387, 385
167, 387
387, 167
385, 388
388, 385
1324, 388
388, 1324
385, 389
389, 385
1325, 389
389, 1325
385, 390
390, 385
1341, 390
390, 1341
385, 391
391, 385
1343, 391
391, 1343
385, 392
392, 385
1320, 392
392, 1320
385, 393
393, 385
1344, 393
393, 1344
385, 394
394, 385
1294, 394
394, 1294
371, 395
395, 396
396, 395
1320, 396
396, 1320
395, 397
397, 395
1326, 397
397, 1326
395, 398
398, 395
1327, 398
398, 1327
395, 399
399, 395
1328, 399
399, 1328
395, 400
400, 395
1329, 400
400, 1329
2, 401
401, 2
401, 402
402, 403
403, 402
1346, 403
403, 1346
402, 404
404, 402
1274, 404
404, 1274
402, 405
405, 402
1280, 405
405, 1280
402, 406
406, 402
402, 407
407, 402
2, 408
408, 2
408, 409
408, 410
408, 411
261, 412
412, 261
1253, 412
412, 1253
261, 413
413, 261
1249, 413
413, 1249
408, 414
414, 415
415, 414
409, 415
415, 409
414, 416
416, 414
261, 416
416, 261
408, 417
417, 418
418, 417
410, 418
418, 410
417, 419
419, 417
414, 419
419, 414
417, 420
420, 417
1237, 420
420, 1237
408, 421
421, 422
422, 421
417, 422
422, 417
421, 423
423, 421
1346, 423
423, 1346
421, 424
424, 421
1274, 424
424, 1274
421, 425
425, 421
1243, 425
425, 1243
421, 426
426, 421
1236, 426
426, 1236
2, 427
427, 2
427, 428
428, 429
429, 428
1256, 429
429, 1256
428, 430
430, 428
1256, 430
430, 1256
428, 431
431, 428
1249, 431
431, 1249
427, 432
427, 433
433, 434
434, 433
432, 434
434, 432
433, 435
435, 433
428, 435
435, 428
427, 436
427, 437
414, 438
438, 414
433, 438
438, 433
427, 439
417, 440
440, 417
436, 440
440, 436
417, 441
441, 417
414, 441
441, 414
417, 442
442, 417
1237, 442
442, 1237
417, 443
443, 417
1348, 443
443, 1348
427, 444
444, 445
445, 444
417, 445
445, 417
444, 446
446, 444
1346, 446
446, 1346
444, 447
447, 444
1274, 447
447, 1274
444, 448
448, 444
1243, 448
448, 1243
444, 449
449, 444
1236, 449
449, 1236
2, 450
450, 2
450, 451
451, 452
452, 451
1256, 452
452, 1256
451, 453
453, 451
1243, 453
453, 1243
451, 454
454, 451
1346, 454
454, 1346
451, 455
455, 451
1274, 455
455, 1274
2, 456
456, 2
456, 457
409, 458
458, 409
1348, 458
458, 1348
409, 459
459, 409
1348, 459
459, 1348
456, 460
433, 461
461, 433
409, 461
461, 409
456, 462
456, 463
456, 464
464, 465
465, 464
433, 465
465, 433
464, 466
466, 464
462, 466
466, 462
456, 467
417, 468
468, 417
436, 468
468, 436
417, 469
469, 417
464, 469
469, 464
417, 470
470, 417
1237, 470
470, 1237
417, 471
471, 417
1348, 471
471, 1348
456, 472
472, 473
473, 472
417, 473
473, 417
472, 474
474, 472
1346, 474
474, 1346
472, 475
475, 472
1274, 475
475, 1274
472, 476
476, 472
1236, 476
476, 1236
2, 477
477, 2
477, 478
477, 479
479, 480
480, 479
433, 480
480, 433
479, 481
481, 479
1235, 481
481, 1235
477, 482
417, 483
483, 417
479, 483
483, 479
417, 484
484, 417
1348, 484
484, 1348
477, 485
485, 486
486, 485
417, 486
486, 417
485, 487
487, 485
1275, 487
487, 1275
485, 488
488, 485
1353, 488
488, 1353
485, 489
489, 485
1243, 489
489, 1243
485, 490
490, 485
1346, 490
490, 1346
485, 491
491, 485
1274, 491
491, 1274
485, 492
492, 485
1236, 492
492, 1236
2, 493
493, 2
493, 494
493, 495
493, 496
496, 497
497, 496
1249, 497
497, 1249
493, 498
409, 499
499, 409
496, 499
499, 496
409, 500
500, 409
1353, 500
500, 1353
409, 501
501, 409
1263, 501
501, 1263
409, 502
502, 409
1348, 502
502, 1348
493, 503
409, 504
504, 409
496, 504
504, 496
409, 505
505, 409
1348, 505
505, 1348
493, 506
506, 507
507, 506
409, 507
507, 409
506, 508
508, 506
409, 508
508, 409
506, 509
509, 506
1249, 509
509, 1249
493, 510
510, 511
511, 510
1249, 511
511, 1249
493, 512
512, 513
513, 512
510, 513
513, 510
512, 514
514, 512
1249, 514
514, 1249
493, 515
433, 516
516, 433
506, 516
516, 506
433, 517
517, 433
512, 517
517, 512
493, 518
518, 519
519, 518
433, 519
519, 433
493, 520
417, 521
521, 417
494, 521
521, 494
417, 522
522, 417
436, 522
522, 436
417, 523
523, 417
518, 523
523, 518
417, 524
524, 417
1348, 524
524, 1348
493, 525
525, 526
526, 525
417, 526
526, 417
525, 527
527, 525
1243, 527
527, 1243
525, 528
528, 525
1346, 528
528, 1346
525, 529
529, 525
1274, 529
529, 1274
525, 530
530, 525
1236, 530
530, 1236
2, 531
531, 2
531, 532
532, 533
533, 532
1275, 533
533, 1275
532, 534
534, 532
1348, 534
534, 1348
531, 535
535, 536
536, 535
532, 536
536, 532
535, 537
537, 535
1237, 537
537, 1237
531, 538
531, 539
539, 540
540, 539
1249, 540
540, 1249
531, 541
261, 542
542, 261
1253, 542
542, 1253
261, 543
543, 261
1249, 543
543, 1249
531, 544
531, 545
545, 546
546, 545
539, 546
546, 539
545, 547
547, 545
544, 547
547, 544
545, 548
548, 545
1348, 548
548, 1348
531, 549
531, 550
550, 551
551, 550
549, 551
551, 549
531, 552
433, 553
553, 433
545, 553
553, 545
433, 554
554, 433
550, 554
554, 550
531, 555
518, 556
556, 518
433, 556
556, 433
531, 557
557, 558
558, 557
535, 558
558, 535
557, 559
559, 557
538, 559
559, 538
557, 560
560, 557
518, 560
560, 518
557, 561
561, 557
1348, 561
561, 1348
557, 562
562, 557
1346, 562
562, 1346
557, 563
563, 557
1274, 563
563, 1274
557, 564
564, 557
1236, 564
564, 1236
2, 565
565, 2
565, 566
565, 567
565, 568
568, 569
569, 568
566, 569
569, 566
568, 570
570, 568
567, 570
570, 567
568, 571
571, 568
1256, 571
571, 1256
565, 572
433, 573
573, 433
568, 573
573, 568
565, 574
436, 575
575, 436
1348, 575
575, 1348
565, 576
414, 577
577, 414
433, 577
577, 433
565, 578
417, 579
579, 417
436, 579
579, 436
417, 580
580, 417
414, 580
580, 414
417, 581
581, 417
1237, 581
581, 1237
417, 582
582, 417
1348, 582
582, 1348
417, 583
583, 417
1348, 583
583, 1348
565, 584
584, 585
585, 584
417, 585
585, 417
584, 586
586, 584
1243, 586
586, 1243
584, 587
587, 584
1346, 587
587, 1346
584, 588
588, 584
1274, 588
588, 1274
584, 589
589, 584
1236, 589
589, 1236
2, 590
590, 2
590, 591
409, 592
592, 409
1348, 592
592, 1348
590, 593
590, 594
414, 595
595, 414
409, 595
595, 409
590, 596
417, 597
597, 417
410, 597
597, 410
417, 598
598, 417
414, 598
598, 414
417, 599
599, 417
1237, 599
599, 1237
417, 600
600, 417
1348, 600
600, 1348
590, 601
601, 602
602, 601
417, 602
602, 417
601, 603
603, 601
1346, 603
603, 1346
601, 604
604, 601
1274, 604
604, 1274
601, 605
605, 601
1236, 605
605, 1236
2, 606
606, 2
606, 607
607, 608
608, 607
1249, 608
608, 1249
607, 609
609, 607
607, 610
610, 607
606, 611
611, 612
612, 611
607, 612
612, 607
611, 613
613, 611
1263, 613
613, 1263
606, 614
417, 615
615, 417
611, 615
615, 611
417, 616
616, 417
1237, 616
616, 1237
417, 617
617, 417
1267, 617
617, 1267
417, 618
618, 417
1269, 618
618, 1269
417, 619
619, 417
1270, 619
619, 1270
417, 620
620, 417
1348, 620
620, 1348
417, 621
621, 417
1271, 621
621, 1271
417, 622
622, 417
1236, 622
622, 1236
606, 623
623, 624
624, 623
417, 624
624, 417
623, 625
625, 623
1275, 625
625, 1275
606, 626
626, 627
627, 626
623, 627
627, 623
626, 628
628, 626
1280, 628
628, 1280
2, 629
629, 2
629, 630
479, 631
631, 479
1256, 631
631, 1256
479, 632
632, 479
479, 633
633, 479
629, 634
417, 635
635, 417
479, 635
635, 479
417, 636
636, 417
1348, 636
636, 1348
417, 637
637, 417
1236, 637
637, 1236
629, 638
638, 639
639, 638
417, 639
639, 417
638, 640
640, 638
1280, 640
640, 1280
4, 641
641, 4
641, 642
642, 643
643, 642
708, 643
643, 708
642, 644
644, 642
710, 644
644, 710
642, 645
645, 642
712, 645
645, 712
642, 646
646, 642
1318, 646
646, 1318
4, 647
647, 4
647, 648
648, 649
82, 650
650, 82
673, 650
650, 673
82, 651
651, 82
662, 651
651, 662
82, 652
652, 82
674, 652
652, 674
82, 653
653, 82
658, 653
653, 658
82, 654
654, 82
1280, 654
654, 1280
82, 655
655, 82
82, 656
656, 82
1237, 656
656, 1237
82, 657
657, 82
1243, 657
657, 1243
648, 658
658, 659
659, 658
1243, 659
659, 1243
658, 660
660, 658
1348, 660
660, 1348
648, 661
648, 662
662, 663
663, 662
661, 663
663, 661
662, 664
664, 662
1267, 664
664, 1267
662, 665
665, 662
1269, 665
665, 1269
662, 666
666, 662
1270, 666
666, 1270
662, 667
667, 662
1348, 667
667, 1348
662, 668
668, 662
1348, 668
668, 1348
662, 669
669, 662
1271, 669
669, 1271
648, 670
670, 671
671, 670
1243, 671
671, 1243
648, 672
648, 673
648, 674
648, 675
675, 676
676, 675
658, 676
676, 658
648, 677
677, 678
678, 677
675, 678
678, 675
648, 679
679, 680
680, 679
1369, 680
680, 1369
679, 681
681, 679
1374, 681
681, 1374
679, 682
682, 679
1370, 682
682, 1370
679, 683
683, 679
1376, 683
683, 1376
679, 684
684, 679
1378, 684
684, 1378
648, 685
685, 686
686, 685
679, 686
686, 679
685, 687
687, 685
1369, 687
687, 1369
648, 688
688, 689
689, 688
679, 689
689, 679
688, 690
690, 688
685, 690
690, 685
648, 691
691, 692
692, 691
1249, 692
692, 1249
691, 693
693, 691
1288, 693
693, 1288
691, 694
694, 691
1348, 694
694, 1348
648, 695
695, 696
696, 695
273, 696
696, 273
695, 697
697, 695
691, 697
697, 691
648, 698
698, 699
699, 698
695, 699
699, 695
648, 700
700, 701
701, 700
695, 701
701, 695
700, 702
702, 700
1348, 702
702, 1348
648, 703
703, 704
704, 703
698, 704
704, 698
703, 705
705, 703
700, 705
705, 700
4, 706
706, 4
706, 707
706, 708
708, 709
709, 708
1249, 709
709, 1249
706, 710
706, 711
706, 712
712, 713
713, 712
711, 713
713, 711
4, 714
714, 4
714, 715
715, 716
716, 715
1275, 716
716, 1275
714, 717
714, 718
718, 719
719, 718
1384, 719
719, 1384
718, 720
720, 718
1386, 720
720, 1386
718, 721
721, 718
1387, 721
721, 1387
714, 722
722, 723
723, 722
718, 723
723, 718
722, 724
724, 722
715, 724
724, 715
722, 725
725, 722
717, 725
725, 717
722, 726
726, 722
749, 726
726, 749
722, 727
727, 722
642, 727
727, 642
722, 728
728, 722
1389, 728
728, 1389
722, 729
729, 722
1390, 729
729, 1390
722, 730
730, 722
1371, 730
730, 1371
722, 731
731, 722
1280, 731
731, 1280
722, 732
732, 722
1394, 732
732, 1394
722, 733
733, 722
1398, 733
733, 1398
722, 734
734, 722
1372, 734
734, 1372
722, 735
735, 722
1400, 735
735, 1400
722, 736
736, 722
1267, 736
736, 1267
722, 737
737, 722
1269, 737
737, 1269
722, 738
738, 722
1270, 738
738, 1270
722, 739
739, 722
1271, 739
739, 1271
722, 740
740, 722
1346, 740
740, 1346
722, 741
741, 722
1274, 741
741, 1274
722, 742
742, 722
1236, 742
742, 1236
4, 743
743, 4
743, 744
261, 745
745, 261
1253, 745
745, 1253
261, 746
746, 261
1249, 746
746, 1249
743, 747
747, 748
748, 747
1253, 748
748, 1253
743, 749
749, 750
750, 749
749, 750
750, 749
749, 751
751, 749
1371, 751
751, 1371
749, 752
752, 749
1390, 752
752, 1390
749, 753
753, 749
1401, 753
753, 1401
749, 754
754, 749
1391, 754
754, 1391
749, 755
755, 749
1391, 755
755, 1391
4, 756
756, 4
756, 757
756, 758
718, 759
759, 718
1384, 759
759, 1384
718, 760
760, 718
1386, 760
760, 1386
718, 761
761, 718
1387, 761
761, 1387
756, 762
762, 763
763, 762
1406, 763
763, 1406
762, 764
764, 762
1407, 764
764, 1407
762, 765
765, 762
1408, 765
765, 1408
762, 766
766, 762
1409, 766
766, 1409
756, 767
767, 768
768, 767
718, 768
768, 718
767, 769
769, 767
762, 769
769, 762
767, 770
770, 767
717, 770
770, 717
767, 771
771, 767
749, 771
771, 749
767, 772
772, 767
642, 772
772, 642
767, 773
773, 767
823, 773
773, 823
767, 774
774, 767
1389, 774
774, 1389
767, 775
775, 767
1390, 775
775, 1390
767, 776
776, 767
1371, 776
776, 1371
767, 777
777, 767
1280, 777
777, 1280
767, 778
778, 767
1396, 778
778, 1396
767, 779
779, 767
1394, 779
779, 1394
767, 780
780, 767
1398, 780
780, 1398
767, 781
781, 767
1411, 781
781, 1411
767, 782
782, 767
1402, 782
782, 1402
767, 783
783, 767
1267, 783
783, 1267
767, 784
784, 767
1269, 784
784, 1269
767, 785
785, 767
1270, 785
785, 1270
767, 786
786, 767
1403, 786
786, 1403
767, 787
787, 767
1414, 787
787, 1414
767, 788
788, 767
1414, 788
788, 1414
767, 789
789, 767
1414, 789
789, 1414
767, 790
790, 767
1414, 790
790, 1414
767, 791
791, 767
1416, 791
791, 1416
767, 792
792, 767
1417, 792
792, 1417
767, 793
793, 767
1418, 793
793, 1418
767, 794
794, 767
1412, 794
794, 1412
767, 795
795, 767
1412, 795
795, 1412
767, 796
796, 767
1271, 796
796, 1271
767, 797
797, 767
1372, 797
797, 1372
767, 798
798, 767
1400, 798
798, 1400
767, 799
799, 767
1348, 799
799, 1348
767, 800
800, 767
1346, 800
800, 1346
767, 801
801, 767
1274, 801
801, 1274
767, 802
802, 767
1236, 802
802, 1236
767, 803
803, 767
1275, 803
803, 1275
767, 804
804, 767
1276, 804
804, 1276
767, 805
805, 767
1424, 805
805, 1424
767, 806
806, 767
1277, 806
806, 1277
4, 807
807, 4
807, 808
5, 809
809, 5
809, 810
810, 811
82, 812
812, 82
1280, 812
812, 1280
82, 813
813, 82
1280, 813
813, 1280
82, 814
814, 82
810, 815
815, 816
816, 815
1426, 816
816, 1426
810, 817
273, 818
818, 273
1256, 818
818, 1256
810, 819
749, 820
820, 749
273, 820
820, 273
749, 821
821, 749
749, 822
822, 749
1249, 822
822, 1249
810, 823
823, 824
824, 823
1346, 824
824, 1346
823, 825
825, 823
1273, 825
825, 1273
823, 826
826, 823
810, 827
810, 828
828, 829
829, 828
6, 830
830, 6
830, 831
831, 832
832, 831
1253, 832
832, 1253
830, 833
833, 834
834, 833
839, 834
834, 839
833, 835
835, 833
1256, 835
835, 1256
833, 836
836, 833
1257, 836
836, 1257
833, 837
837, 833
1258, 837
837, 1258
833, 838
838, 833
1253, 838
838, 1253
830, 839
839, 840
840, 839
1253, 840
840, 1253
830, 841
841, 842
842, 841
833, 842
842, 833
841, 843
843, 841
1258, 843
843, 1258
841, 844
844, 841
1308, 844
844, 1308
6, 845
845, 6
6, 846
846, 6
846, 847
847, 848
82, 849
849, 82
341, 849
849, 341
82, 850
850, 82
673, 850
850, 673
82, 851
851, 82
662, 851
851, 662
82, 852
852, 82
674, 852
852, 674
82, 853
853, 82
658, 853
853, 658
82, 854
854, 82
1280, 854
854, 1280
82, 855
855, 82
82, 856
856, 82
1237, 856
856, 1237
82, 857
857, 82
1243, 857
857, 1243
847, 858
658, 859
859, 658
1243, 859
859, 1243
658, 860
860, 658
1348, 860
860, 1348
847, 861
847, 862
662, 863
863, 662
661, 863
863, 661
662, 864
864, 662
1267, 864
864, 1267
662, 865
865, 662
1269, 865
865, 1269
662, 866
866, 662
1270, 866
866, 1270
662, 867
867, 662
1348, 867
867, 1348
662, 868
868, 662
1348, 868
868, 1348
662, 869
869, 662
1271, 869
869, 1271
847, 870
670, 871
871, 670
1243, 871
871, 1243
847, 872
273, 873
873, 273
1256, 873
873, 1256
847, 874
341, 875
875, 341
159, 875
875, 159
847, 876
847, 877
847, 878
675, 879
879, 675
658, 879
879, 658
675, 880
880, 675
1348, 880
880, 1348
847, 881
677, 882
882, 677
675, 882
882, 675
847, 883
679, 884
884, 679
1369, 884
884, 1369
679, 885
885, 679
1374, 885
885, 1374
679, 886
886, 679
1370, 886
886, 1370
679, 887
887, 679
1376, 887
887, 1376
679, 888
888, 679
1378, 888
888, 1378
847, 889
685, 890
890, 685
679, 890
890, 679
685, 891
891, 685
1369, 891
891, 1369
847, 892
688, 893
893, 688
679, 893
893, 679
688, 894
894, 688
685, 894
894, 685
847, 895
691, 896
896, 691
1249, 896
896, 1249
691, 897
897, 691
1288, 897
897, 1288
691, 898
898, 691
1348, 898
898, 1348
847, 899
695, 900
900, 695
273, 900
900, 273
695, 901
901, 695
691, 901
901, 691
847, 902
698, 903
903, 698
695, 903
903, 695
847, 904
700, 905
905, 700
695, 905
905, 695
700, 906
906, 700
1348, 906
906, 1348
847, 907
703, 908
908, 703
698, 908
908, 698
703, 909
909, 703
700, 909
909, 700
847, 910
910, 911
911, 910
703, 911
911, 703
6, 912
912, 6
6, 913
913, 6
913, 914
261, 915
915, 261
1253, 915
915, 1253
261, 916
916, 261
1249, 916
916, 1249
913, 917
917, 918
918, 917
749, 918
918, 749
917, 919
919, 917
1371, 919
919, 1371
917, 920
920, 917
1390, 920
920, 1390
917, 921
921, 917
1401, 921
921, 1401
917, 922
922, 917
1391, 922
922, 1391
917, 923
923, 917
917, 924
924, 917
917, 925
925, 917
1391, 925
925, 1391
917, 926
926, 917
1391, 926
926, 1391
917, 927
927, 917
1391, 927
927, 1391
917, 928
928, 917
1391, 928
928, 1391
6, 929
929, 6
929, 930
930, 931
931, 930
227, 931
931, 227
929, 932
932, 933
933, 932
199, 933
933, 199
932, 934
934, 932
930, 934
934, 930
932, 935
935, 932
361, 935
935, 361
6, 936
936, 6
936, 937
715, 938
938, 715
1275, 938
938, 1275
936, 939
718, 940
940, 718
1384, 940
940, 1384
718, 941
941, 718
1386, 941
941, 1386
718, 942
942, 718
1387, 942
942, 1387
936, 943
943, 944
944, 943
718, 944
944, 718
943, 945
945, 943
715, 945
945, 715
943, 946
946, 943
917, 946
946, 917
943, 947
947, 943
204, 947
947, 204
943, 948
948, 943
1389, 948
948, 1389
943, 949
949, 943
1390, 949
949, 1390
943, 950
950, 943
1371, 950
950, 1371
943, 951
951, 943
1280, 951
951, 1280
943, 952
952, 943
1394, 952
952, 1394
943, 953
953, 943
1398, 953
953, 1398
943, 954
954, 943
1372, 954
954, 1372
943, 955
955, 943
1400, 955
955, 1400
943, 956
956, 943
1267, 956
956, 1267
943, 957
957, 943
1269, 957
957, 1269
943, 958
958, 943
1270, 958
958, 1270
943, 959
959, 943
1348, 959
959, 1348
943, 960
960, 943
1271, 960
960, 1271
943, 961
961, 943
1346, 961
961, 1346
943, 962
962, 943
1274, 962
962, 1274
943, 963
963, 943
1236, 963
963, 1236
6, 964
964, 6
964, 965
261, 966
966, 261
1253, 966
966, 1253
261, 967
967, 261
1249, 967
967, 1249
964, 968
749, 969
969, 749
261, 969
969, 261
749, 970
970, 749
749, 970
970, 749
749, 971
971, 749
1371, 971
971, 1371
749, 972
972, 749
1390, 972
972, 1390
749, 973
973, 749
1401, 973
973, 1401
749, 974
974, 749
1391, 974
974, 1391
749, 975
975, 749
749, 976
976, 749
6, 977
977, 6
977, 978
718, 979
979, 718
1384, 979
979, 1384
718, 980
980, 718
1386, 980
980, 1386
718, 981
981, 718
1387, 981
981, 1387
977, 982
762, 983
983, 762
1408, 983
983, 1408
977, 984
767, 985
985, 767
718, 985
985, 718
767, 986
986, 767
762, 986
986, 762
767, 987
987, 767
749, 987
987, 749
767, 988
988, 767
204, 988
988, 204
767, 989
989, 767
823, 989
989, 823
767, 990
990, 767
1389, 990
990, 1389
767, 991
991, 767
1390, 991
991, 1390
767, 992
992, 767
1371, 992
992, 1371
767, 993
993, 767
1280, 993
993, 1280
767, 994
994, 767
1394, 994
994, 1394
767, 995
995, 767
1398, 995
995, 1398
767, 996
996, 767
1411, 996
996, 1411
767, 997
997, 767
1402, 997
997, 1402
767, 998
998, 767
1267, 998
998, 1267
767, 999
999, 767
1269, 999
999, 1269
767, 1000
1000, 767
1270, 1000
1000, 1270
767, 1001
1001, 767
1403, 1001
1001, 1403
767, 1002
1002, 767
1414, 1002
1002, 1414
767, 1003
1003, 767
1416, 1003
1003, 1416
767, 1004
1004, 767
1417, 1004
1004, 1417
767, 1005
1005, 767
1418, 1005
1005, 1418
767, 1006
1006, 767
1412, 1006
1006, 1412
767, 1007
1007, 767
1271, 1007
1007, 1271
767, 1008
1008, 767
1372, 1008
1008, 1372
767, 1009
1009, 767
1400, 1009
1009, 1400
767, 1010
1010, 767
1348, 1010
1010, 1348
767, 1011
1011, 767
1346, 1011
1011, 1346
767, 1012
1012, 767
1274, 1012
1012, 1274
767, 1013
1013, 767
1236, 1013
1013, 1236
767, 1014
1014, 767
1275, 1014
1014, 1275
767, 1015
1015, 767
1276, 1015
1015, 1276
767, 1016
1016, 767
1424, 1016
1016, 1424
767, 1017
1017, 767
1277, 1017
1017, 1277
6, 1018
1018, 6
1018, 1019
6, 1020
1020, 6
6, 1021
1021, 6
1021, 1022
372, 1023
1023, 372
1320, 1023
1023, 1320
1021, 1024
374, 1025
1025, 374
1236, 1025
1025, 1236
1021, 1026
1021, 1027
377, 1028
1028, 377
1321, 1028
1028, 1321
377, 1029
1029, 377
1322, 1029
1029, 1322
377, 1030
1030, 377
1323, 1030
1030, 1323
1021, 1031
381, 1032
1032, 381
1321, 1032
1032, 1321
381, 1033
1033, 381
1323, 1033
1033, 1323
381, 1034
1034, 381
1322, 1034
1034, 1322
1021, 1035
385, 1036
1036, 385
149, 1036
1036, 149
385, 1037
1037, 385
167, 1037
1037, 167
385, 1038
1038, 385
1324, 1038
1038, 1324
385, 1039
1039, 385
1325, 1039
1039, 1325
385, 1040
1040, 385
1341, 1040
1040, 1341
385, 1041
1041, 385
1343, 1041
1041, 1343
385, 1042
1042, 385
1320, 1042
1042, 1320
385, 1043
1043, 385
1344, 1043
1043, 1344
385, 1044
1044, 385
1294, 1044
1044, 1294
1021, 1045
395, 1046
1046, 395
1320, 1046
1046, 1320
395, 1047
1047, 395
1326, 1047
1047, 1326
395, 1048
1048, 395
1327, 1048
1048, 1327
395, 1049
1049, 395
1328, 1049
1049, 1328
395, 1050
1050, 395
1329, 1050
1050, 1329
5, 1051
1051, 5
7, 1052
1052, 7
1052, 1053
1053, 1054
82, 1055
1055, 82
1057, 1055
1055, 1057
82, 1056
1056, 82
1062, 1056
1056, 1062
1053, 1057
1057, 1058
1058, 1057
1062, 1058
1058, 1062
1057, 1059
1059, 1057
1256, 1059
1059, 1256
1053, 1060
1053, 1061
1053, 1062
1062, 1063
1063, 1062
1060, 1063
1063, 1060
1062, 1064
1064, 1062
1061, 1064
1064, 1061
1062, 1065
1065, 1062
1243, 1065
1065, 1243
1062, 1066
1066, 1062
1256, 1066
1066, 1256
1053, 1067
675, 1068
1068, 675
1243, 1068
1068, 1243
675, 1069
1069, 675
1348, 1069
1069, 1348
1053, 1070
677, 1071
1071, 677
675, 1071
1071, 675
1053, 1072
679, 1073
1073, 679
1369, 1073
1073, 1369
679, 1074
1074, 679
1374, 1074
1074, 1374
679, 1075
1075, 679
1370, 1075
1075, 1370
679, 1076
1076, 679
1376, 1076
1076, 1376
679, 1077
1077, 679
1378, 1077
1077, 1378
1053, 1078
685, 1079
1079, 685
679, 1079
1079, 679
685, 1080
1080, 685
1369, 1080
1080, 1369
1053, 1081
688, 1082
1082, 688
679, 1082
1082, 679
688, 1083
1083, 688
685, 1083
1083, 685
7, 1084
1084, 7
1084, 1085
715, 1086
1086, 715
1275, 1086
1086, 1275
1084, 1087
718, 1088
1088, 718
1384, 1088
1088, 1384
718, 1089
1089, 718
1386, 1089
1089, 1386
718, 1090
1090, 718
1387, 1090
1090, 1387
1084, 1091
722, 1092
1092, 722
718, 1092
1092, 718
722, 1093
1093, 722
715, 1093
1093, 715
722, 1094
1094, 722
828, 1094
1094, 828
722, 1095
1095, 722
827, 1095
1095, 827
722, 1096
1096, 722
1389, 1096
1096, 1389
722, 1097
1097, 722
1390, 1097
1097, 1390
722, 1098
1098, 722
1371, 1098
1098, 1371
722, 1099
1099, 722
1280, 1099
1099, 1280
722, 1100
1100, 722
1394, 1100
1100, 1394
722, 1101
1101, 722
1398, 1101
1101, 1398
722, 1102
1102, 722
1372, 1102
1102, 1372
722, 1103
1103, 722
1404, 1103
1103, 1404
722, 1104
1104, 722
1267, 1104
1104, 1267
722, 1105
1105, 722
1269, 1105
1105, 1269
722, 1106
1106, 722
1270, 1106
1106, 1270
722, 1107
1107, 722
1403, 1107
1107, 1403
722, 1108
1108, 722
1414, 1108
1108, 1414
722, 1109
1109, 722
1414, 1109
1109, 1414
722, 1110
1110, 722
1414, 1110
1110, 1414
722, 1111
1111, 722
1414, 1111
1111, 1414
722, 1112
1112, 722
1271, 1112
1112, 1271
722, 1113
1113, 722
1346, 1113
1113, 1346
722, 1114
1114, 722
1274, 1114
1114, 1274
7, 1115
1115, 7
1115, 1116
718, 1117
1117, 718
1384, 1117
1117, 1384
718, 1118
1118, 718
1386, 1118
1118, 1386
718, 1119
1119, 718
1387, 1119
1119, 1387
1115, 1120
767, 1121
1121, 767
718, 1121
1121, 718
767, 1122
1122, 767
828, 1122
1122, 828
767, 1123
1123, 767
827, 1123
1123, 827
767, 1124
1124, 767
823, 1124
1124, 823
767, 1125
1125, 767
1389, 1125
1125, 1389
767, 1126
1126, 767
1390, 1126
1126, 1390
767, 1127
1127, 767
1371, 1127
1127, 1371
767, 1128
1128, 767
1280, 1128
1128, 1280
767, 1129
1129, 767
1394, 1129
1129, 1394
767, 1130
1130, 767
1398, 1130
1130, 1398
767, 1131
1131, 767
1408, 1131
1131, 1408
767, 1132
1132, 767
1406, 1132
1132, 1406
767, 1133
1133, 767
1407, 1133
1133, 1407
767, 1134
1134, 767
1411, 1134
1134, 1411
767, 1135
1135, 767
1402, 1135
1135, 1402
767, 1136
1136, 767
1267, 1136
1136, 1267
767, 1137
1137, 767
1269, 1137
1137, 1269
767, 1138
1138, 767
1270, 1138
1138, 1270
767, 1139
1139, 767
1403, 1139
1139, 1403
767, 1140
1140, 767
1414, 1140
1140, 1414
767, 1141
1141, 767
1416, 1141
1141, 1416
767, 1142
1142, 767
1417, 1142
1142, 1417
767, 1143
1143, 767
1418, 1143
1143, 1418
767, 1144
1144, 767
1412, 1144
1144, 1412
767, 1145
1145, 767
1412, 1145
1145, 1412
767, 1146
1146, 767
1271, 1146
1146, 1271
767, 1147
1147, 767
1372, 1147
1147, 1372
767, 1148
1148, 767
1404, 1148
1148, 1404
767, 1149
1149, 767
1346, 1149
1149, 1346
767, 1150
1150, 767
1274, 1150
1150, 1274
767, 1151
1151, 767
1275, 1151
1151, 1275
767, 1152
1152, 767
1276, 1152
1152, 1276
767, 1153
1153, 767
1424, 1153
1153, 1424
767, 1154
1154, 767
1277, 1154
1154, 1277
5, 1155
1155, 5
8, 1156
1156, 8
1156, 1157
1156, 1158
1158, 1159
82, 1160
1160, 82
1157, 1160
1160, 1157
82, 1161
1161, 82
1165, 1161
1161, 1165
82, 1162
1162, 82
1173, 1162
1162, 1173
82, 1163
1163, 82
670, 1163
1163, 670
82, 1164
1164, 82
674, 1164
1164, 674
1158, 1165
1165, 1166
1166, 1165
1167, 1166
1166, 1167
1158, 1167
1167, 1168
1168, 1167
1167, 1168
1168, 1167
1167, 1169
1169, 1167
1237, 1169
1169, 1237
1167, 1170
1170, 1167
1348, 1170
1170, 1348
1158, 1171
1171, 1172
1172, 1171
1237, 1172
1172, 1237
1158, 1173
1173, 1174
1174, 1173
1171, 1174
1174, 1171
1158, 1175
670, 1176
1176, 670
674, 1176
1176, 674
1158, 1177
674, 1178
1178, 674
1243, 1178
1178, 1243
1158, 1179
675, 1180
1180, 675
670, 1180
1180, 670
675, 1181
1181, 675
1348, 1181
1181, 1348
1158, 1182
677, 1183
1183, 677
675, 1183
1183, 675
1158, 1184
679, 1185
1185, 679
1369, 1185
1185, 1369
679, 1186
1186, 679
1374, 1186
1186, 1374
679, 1187
1187, 679
1370, 1187
1187, 1370
679, 1188
1188, 679
1376, 1188
1188, 1376
679, 1189
1189, 679
1378, 1189
1189, 1378
1158, 1190
685, 1191
1191, 685
679, 1191
1191, 679
685, 1192
1192, 685
1369, 1192
1192, 1369
1158, 1193
688, 1194
1194, 688
679, 1194
1194, 679
688, 1195
1195, 688
685, 1195
1195, 685
8, 1196
1196, 8
1196, 1197
718, 1198
1198, 718
1384, 1198
1198, 1384
718, 1199
1199, 718
1386, 1199
1199, 1386
718, 1200
1200, 718
1387, 1200
1200, 1387
1196, 1201
1201, 1202
1202, 1201
718, 1202
1202, 718
1201, 1203
1203, 1201
823, 1203
1203, 823
1201, 1204
1204, 1201
1389, 1204
1204, 1389
1201, 1205
1205, 1201
1390, 1205
1205, 1390
1201, 1206
1206, 1201
1371, 1206
1206, 1371
1201, 1207
1207, 1201
1280, 1207
1207, 1280
1201, 1208
1208, 1201
1394, 1208
1208, 1394
1201, 1209
1209, 1201
1398, 1209
1209, 1398
1201, 1210
1210, 1201
1406, 1210
1210, 1406
1201, 1211
1211, 1201
1407, 1211
1211, 1407
1201, 1212
1212, 1201
1411, 1212
1212, 1411
1201, 1213
1213, 1201
1402, 1213
1213, 1402
1201, 1214
1214, 1201
1267, 1214
1214, 1267
1201, 1215
1215, 1201
1269, 1215
1215, 1269
1201, 1216
1216, 1201
1270, 1216
1216, 1270
1201, 1217
1217, 1201
1403, 1217
1217, 1403
1201, 1218
1218, 1201
1414, 1218
1218, 1414
1201, 1219
1219, 1201
1416, 1219
1219, 1416
1201, 1220
1220, 1201
1417, 1220
1220, 1417
1201, 1221
1221, 1201
1418, 1221
1221, 1418
1201, 1222
1222, 1201
1412, 1222
1222, 1412
1201, 1223
1223, 1201
1412, 1223
1223, 1412
1201, 1224
1224, 1201
1372, 1224
1224, 1372
1201, 1225
1225, 1201
1404, 1225
1225, 1404
1201, 1226
1226, 1201
1346, 1226
1226, 1346
1201, 1227
1227, 1201
1274, 1227
1227, 1274
1201, 1228
1228, 1201
1275, 1228
1228, 1275
1201, 1229
1229, 1201
1276, 1229
1229, 1276
1201, 1230
1230, 1201
1424, 1230
1230, 1424
1201, 1231
1231, 1201
1277, 1231
1231, 1277
1201, 1232
1232, 1201
1271, 1232
1232, 1271
5, 1233
1233, 5
9, 1234
1234, 9
1234, 1235
1234, 1236
1234, 1237
11, 1238
1238, 11
1238, 1239
13, 1240
1240, 13
1240, 1241
1240, 1242
1240, 1243
14, 1244
1244, 14
1244, 1245
1246, 1247
15, 1248
1248, 15
1248, 1249
16, 1250
1250, 16
1250, 1251
17, 1252
1252, 17
1252, 1253
1254, 1255
1254, 1256
1254, 1257
1254, 1258
18, 1259
1259, 18
1259, 1260
1259, 1261
19, 1262
1262, 19
1262, 1263
20, 1264
1264, 20
1264, 1265
21, 1266
1266, 21
1266, 1267
1266, 1268
1268, 1269
1268, 1270
1268, 1271
22, 1272
1272, 22
1272, 1273
1272, 1274
1272, 1275
1272, 1276
1272, 1277
23, 1278
1278, 23
1278, 1279
1279, 1280
1278, 1281
1281, 1282
1278, 1283
1283, 1284
1278, 1285
1285, 1286
26, 1287
1287, 26
1287, 1288
1287, 1289
1287, 1290
24, 1291
1291, 24
27, 1292
1292, 27
1292, 1293
1292, 1294
1292, 1295
28, 1296
1296, 28
1296, 1297
1296, 1298
1296, 1299
1299, 1300
1299, 1301
1296, 1302
1302, 1303
29, 1304
1304, 29
1304, 1305
10, 1306
1306, 10
1306, 1307
1306, 1308
1306, 1309
31, 1310
1310, 31
10, 1311
1311, 10
1311, 1312
32, 1313
1313, 32
1313, 1314
16, 1315
1315, 16
35, 1316
1316, 35
1316, 1317
1316, 1318
36, 1319
1319, 36
1319, 1320
1319, 1321
1319, 1322
1319, 1323
1319, 1324
1319, 1325
1319, 1326
1319, 1327
1319, 1328
1319, 1329
10, 1330
1330, 10
1330, 1331
1330, 1332
10, 1333
1333, 10
1333, 1334
1333, 1335
1333, 1336
37, 1337
1337, 37
1337, 1338
1337, 1339
38, 1340
1340, 38
1340, 1341
39, 1342
1342, 39
1342, 1343
1342, 1344
1345, 1346
41, 1347
1347, 41
1347, 1348
42, 1349
1349, 42
1349, 1350
1349, 1351
43, 1352
1352, 43
1352, 1353
1352, 1354
45, 1355
1355, 45
1355, 1356
12, 1357
1357, 12
1357, 1358
1357, 1359
46, 1360
1360, 46
1360, 1361
47, 1362
1362, 47
1362, 1363
48, 1364
1364, 48
1364, 1365
49, 1366
1366, 49
1366, 1367
50, 1368
1368, 50
1368, 1369
1368, 1370
1368, 1371
1368, 1372
30, 1373
1373, 30
1373, 1374
1375, 1376
51, 1377
1377, 51
1377, 1378
1379, 1380
52, 1381
1381, 52
1381, 1382
53, 1383
1383, 53
1383, 1384
1383, 1385
1385, 1386
1385, 1387
1388, 1389
1388, 1390
1388, 1391
54, 1392
1392, 54
1392, 1393
1393, 1394
1392, 1395
1395, 1396
1397, 1398
1399, 1400
1399, 1401
1399, 1402
1399, 1403
1399, 1404
1405, 1406
1405, 1407
1405, 1408
1405, 1409
1405, 1410
1410, 1411
1410, 1412
57, 1413
1413, 57
1413, 1414
61, 1415
1415, 61
1415, 1416
1415, 1417
1415, 1418
25, 1419
1419, 25
1419, 1420
62, 1421
1421, 62
1421, 1422
63, 1423
1423, 63
1423, 1424
64, 1425
1425, 64
1425, 1426
65, 1427
1427, 65
1427, 1428
70, 1429
1429, 70
1429, 1430
71, 1431
1431, 71
1431, 1432
72, 1433
1433, 72
1433, 1434
1433, 1435
1433, 1436
1437, 1438
1439, 1440
73, 1441
1441, 73
1441, 1442
1443, 1444
1443, 1445
1446, 1447
1448, 82
1448, 1449
1449, 1450
1450, 1451
1451, 1450
1449, 1451
1452, 84
1452, 1453
1453, 1454
1455, 82
1448, 1456
1449, 1457
1457, 1451
1451, 1457
1449, 1458
1459, 89
1459, 1460
1460, 1461
1461, 1462
1462, 1461
1460, 1462
1462, 1463
1463, 1462
1460, 1463
1464, 90
1464, 1465
1465, 1466
1466, 1467
1467, 1466
1465, 1467
1468, 91
1468, 1469
1469, 1470
1470, 1471
1471, 1470
1469, 1471
1471, 1472
1472, 1471
1469, 1472
1472, 1473
1473, 1472
1469, 1473
1474, 93
1474, 1475
1475, 1476
1476, 1477
1477, 1476
1475, 1477
1477, 1478
1478, 1477
1475, 1478
1478, 1479
1479, 1478
1475, 1479
1480, 96
1480, 1481
1481, 1482
1482, 1483
1483, 1482
1481, 1483
1483, 1484
1484, 1483
1481, 1484
1485, 98
1485, 1486
1486, 1487
1487, 1488
1488, 1487
1486, 1488
1488, 1489
1489, 1488
1486, 1489
1490, 100
1490, 1491
1491, 1492
1492, 1493
1493, 1492
1491, 1493
1493, 1494
1494, 1493
1491, 1494
1494, 1495
1495, 1494
1491, 1495
1495, 1496
1496, 1495
1491, 1496
1497, 104
1497, 1498
1498, 1499
1499, 1500
1500, 1499
1498, 1500
1500, 1501
1501, 1500
1498, 1501
1502, 254
1502, 1503
1504, 259
1504, 1505
1506, 261
1506, 1507
1507, 1508
1509, 264
1509, 1510
1510, 1511
1511, 1512
1512, 1511
1510, 1512
1513, 265
1513, 1514
1514, 1515
1515, 1516
1516, 1515
1514, 1516
1517, 266
1517, 1518
1518, 1519
1519, 1520
1520, 1519
1518, 1520
1521, 270
1521, 1522
1522, 1523
1524, 273
1524, 1525
1525, 1526
1526, 1527
1527, 1526
1525, 1527
1527, 1528
1528, 1527
1525, 1528
1529, 274
1529, 1530
1530, 1531
1531, 1532
1532, 1531
1530, 1532
1532, 1533
1533, 1532
1530, 1533
1534, 277
1534, 1535
1535, 1536
1536, 1537
1537, 1536
1535, 1537
1537, 1538
1538, 1537
1535, 1538
1539, 283
1539, 1540
1540, 1541
1541, 1542
1542, 1541
1540, 1542
1542, 1543
1543, 1542
1540, 1543
1544, 289
1544, 1545
1546, 261
1506, 1547
1507, 1548
1549, 264
1509, 1550
1510, 1551
1551, 1512
1512, 1551
1510, 1552
1553, 265
1513, 1554
1514, 1555
1555, 1516
1516, 1555
1514, 1556
1557, 266
1517, 1558
1518, 1559
1559, 1520
1520, 1559
1518, 1560
1561, 270
1521, 1562
1522, 1563
1564, 273
1524, 1565
1525, 1566
1566, 1527
1527, 1566
1525, 1567
1567, 1528
1528, 1567
1525, 1568
1569, 274
1529, 1570
1530, 1571
1571, 1532
1532, 1571
1530, 1572
1573, 277
1534, 1574
1535, 1575
1575, 1537
1537, 1575
1535, 1576
1577, 283
1539, 1578
1540, 1579
1580, 82
1448, 1581
1449, 1582
1583, 131
1583, 1584
1584, 1585
1585, 1586
1586, 1585
1584, 1586
1587, 134
1587, 1588
1588, 1589
1589, 1590
1590, 1589
1588, 1590
1591, 135
1591, 1592
1592, 1593
1593, 1594
1594, 1593
1592, 1594
1595, 137
1595, 1596
1596, 1597
1597, 1598
1598, 1597
1596, 1598
1599, 139
1599, 1600
1600, 1601
1601, 1602
1602, 1601
1600, 1602
1603, 140
1603, 1604
1604, 1605
1605, 1606
1606, 1605
1604, 1606
1607, 141
1607, 1608
1608, 1609
1609, 1610
1610, 1609
1608, 1610
1611, 82
1448, 1612
1449, 1613
1613, 1451
1451, 1613
1449, 1614
1614, 1615
1615, 1614
1449, 1615
1615, 1616
1616, 1615
1449, 1616
1617, 340
1617, 1618
1618, 1619
1619, 1620
1620, 1619
1618, 1620
1620, 1621
1621, 1620
1618, 1621
1622, 341
1622, 1623
1623, 1624
1625, 343
1625, 1626
1626, 1627
1627, 1628
1628, 1627
1626, 1628
1629, 352
1629, 1630
1630, 1631
1631, 1632
1632, 1631
1630, 1632
1632, 1633
1633, 1632
1630, 1633
1634, 354
1634, 1635
1635, 1636
1636, 1637
1637, 1636
1635, 1637
1637, 1638
1638, 1637
1635, 1638
1639, 357
1639, 1640
1640, 1641
1641, 1642
1642, 1641
1640, 1642
1642, 1643
1643, 1642
1640, 1643
1644, 361
1644, 1645
1645, 1646
1646, 1647
1647, 1646
1645, 1647
1648, 363
1648, 1649
1649, 1650
1650, 1651
1651, 1650
1649, 1651
1652, 365
1652, 1653
1653, 1654
1654, 1655
1655, 1654
1653, 1655
1655, 1656
1656, 1655
1653, 1656
1657, 368
1657, 1658
1659, 372
1659, 1660
1660, 1661
1662, 374
1662, 1663
1663, 1664
1664, 1665
1665, 1664
1663, 1665
1666, 376
1666, 1667
1667, 1668
1668, 1669
1669, 1668
1667, 1669
1670, 82
1448, 1671
1449, 1672
1672, 1451
1451, 1672
1449, 1673
1674, 146
1674, 1675
1675, 1676
1676, 1677
1677, 1676
1675, 1677
1678, 148
1678, 1679
1679, 1680
1680, 1681
1681, 1680
1679, 1681
1682, 149
1682, 1683
1683, 1684
1684, 1685
1685, 1684
1683, 1685
1686, 152
1686, 1687
1687, 1688
1688, 1689
1689, 1688
1687, 1689
1690, 154
1690, 1691
1691, 1692
1693, 159
1693, 1694
1694, 1695
1695, 1696
1696, 1695
1694, 1696
1697, 162
1697, 1698
1698, 1699
1699, 1700
1700, 1699
1698, 1700
1701, 167
1701, 1702
1702, 1703
1703, 1704
1704, 1703
1702, 1704
1704, 1705
1705, 1704
1702, 1705
1706, 169
1706, 1707
1707, 1708
1708, 1709
1709, 1708
1707, 1709
1710, 171
1710, 1711
1711, 1712
1712, 1713
1713, 1712
1711, 1713
1714, 172
1714, 1715
1715, 1716
1716, 1717
1717, 1716
1715, 1717
1718, 174
1718, 1719
1719, 1720
1720, 1721
1721, 1720
1719, 1721
1721, 1722
1722, 1721
1719, 1722
1723, 176
1723, 1724
1724, 1725
1725, 1726
1726, 1725
1724, 1726
1726, 1727
1727, 1726
1724, 1727
1727, 1728
1728, 1727
1724, 1728
1729, 179
1729, 1730
1730, 1731
1731, 1732
1732, 1731
1730, 1732
1732, 1733
1733, 1732
1730, 1733
1734, 377
1734, 1735
1735, 1736
1736, 1737
1737, 1736
1735, 1737
1737, 1738
1738, 1737
1735, 1738
1739, 381
1739, 1740
1740, 1741
1741, 1742
1742, 1741
1740, 1742
1742, 1743
1743, 1742
1740, 1743
1743, 1744
1744, 1743
1740, 1744
1744, 1745
1745, 1744
1740, 1745
1745, 1746
1746, 1745
1740, 1746
1746, 1747
1747, 1746
1740, 1747
1748, 385
1748, 1749
1749, 1750
1750, 1751
1751, 1750
1749, 1751
1751, 1752
1752, 1751
1749, 1752
1753, 395
1753, 1754
1754, 1755
1755, 1756
1756, 1755
1754, 1756
1756, 1757
1757, 1756
1754, 1757
1758, 402
1758, 1759
1760, 409
1760, 1761
1761, 1762
1762, 1763
1763, 1762
1761, 1763
1763, 1764
1764, 1763
1761, 1764
1765, 410
1765, 1766
1766, 1767
1768, 261
1506, 1769
1507, 1770
1771, 414
1771, 1772
1772, 1773
1774, 417
1774, 1775
1775, 1776
1777, 421
1777, 1778
1779, 428
1779, 1780
1780, 1781
1781, 1782
1782, 1781
1780, 1782
1783, 432
1783, 1784
1784, 1785
1785, 1786
1786, 1785
1784, 1786
1786, 1787
1787, 1786
1784, 1787
1788, 433
1788, 1789
1789, 1790
1790, 1791
1791, 1790
1789, 1791
1791, 1792
1792, 1791
1789, 1792
1792, 1793
1793, 1792
1789, 1793
1793, 1794
1794, 1793
1789, 1794
1795, 436
1795, 1796
1796, 1797
1798, 414
1771, 1799
1772, 1800
1800, 1801
1801, 1800
1772, 1801
1802, 417
1774, 1803
1775, 1804
1804, 1805
1805, 1804
1775, 1805
1806, 444
1806, 1807
1808, 451
1808, 1809
1810, 409
1760, 1811
1761, 1812
1812, 1763
1763, 1812
1761, 1813
1813, 1764
1764, 1813
1761, 1814
1815, 433
1788, 1816
1789, 1817
1817, 1791
1791, 1817
1789, 1818
1818, 1792
1792, 1818
1789, 1819
1820, 462
1820, 1821
1821, 1822
1823, 436
1795, 1824
1796, 1825
1826, 464
1826, 1827
1827, 1828
1829, 417
1774, 1830
1775, 1831
1832, 472
1832, 1833
1834, 433
1788, 1835
1789, 1836
1836, 1791
1791, 1836
1789, 1837
1837, 1792
1792, 1837
1789, 1838
1838, 1793
1793, 1838
1789, 1839
1840, 479
1840, 1841
1841, 1842
1843, 417
1774, 1844
1775, 1845
1846, 485
1846, 1847
1848, 494
1848, 1849
1849, 1850
1851, 436
1795, 1852
1796, 1853
1854, 496
1854, 1855
1855, 1856
1857, 409
1760, 1858
1761, 1859
1859, 1763
1763, 1859
1761, 1860
1861, 409
1760, 1862
1761, 1863
1863, 1763
1763, 1863
1761, 1864
1864, 1764
1764, 1864
1761, 1865
1866, 506
1866, 1867
1867, 1868
1868, 1869
1869, 1868
1867, 1869
1869, 1870
1870, 1869
1867, 1870
1870, 1871
1871, 1870
1867, 1871
1872, 510
1872, 1873
1873, 1874
1875, 512
1875, 1876
1876, 1877
1877, 1878
1878, 1877
1876, 1878
1879, 433
1788, 1880
1789, 1881
1881, 1791
1791, 1881
1789, 1882
1882, 1792
1792, 1882
1789, 1883
1883, 1793
1793, 1883
1789, 1884
1885, 518
1885, 1886
1886, 1887
1887, 1888
1888, 1887
1886, 1888
1889, 417
1774, 1890
1775, 1891
1891, 1805
1805, 1891
1775, 1892
1893, 525
1893, 1894
1895, 532
1895, 1896
1896, 1897
1898, 535
1898, 1899
1899, 1900
1901, 538
1901, 1902
1902, 1903
1904, 539
1904, 1905
1905, 1906
1907, 261
1506, 1908
1507, 1909
1910, 544
1910, 1911
1911, 1912
1912, 1913
1913, 1912
1911, 1913
1914, 545
1914, 1915
1915, 1916
1916, 1917
1917, 1916
1915, 1917
1917, 1918
1918, 1917
1915, 1918
1919, 549
1919, 1920
1920, 1921
1921, 1922
1922, 1921
1920, 1922
1923, 550
1923, 1924
1924, 1925
1926, 433
1788, 1927
1789, 1928
1928, 1791
1791, 1928
1789, 1929
1929, 1792
1792, 1929
1789, 1930
1931, 518
1885, 1932
1886, 1933
1934, 557
1934, 1935
1936, 566
1936, 1937
1937, 1938
1939, 567
1939, 1940
1940, 1941
1941, 1942
1942, 1941
1940, 1942
1942, 1943
1943, 1942
1940, 1943
1944, 568
1944, 1945
1945, 1946
1946, 1947
1947, 1946
1945, 1947
1947, 1948
1948, 1947
1945, 1948
1948, 1949
1949, 1948
1945, 1949
1950, 433
1788, 1951
1789, 1952
1952, 1791
1791, 1952
1789, 1953
1953, 1792
1792, 1953
1789, 1954
1954, 1793
1793, 1954
1789, 1955
1955, 1794
1794, 1955
1789, 1956
1957, 436
1795, 1958
1796, 1959
1960, 414
1771, 1961
1772, 1962
1963, 417
1774, 1964
1775, 1965
1966, 584
1966, 1967
1968, 409
1760, 1969
1761, 1970
1970, 1763
1763, 1970
1761, 1971
1971, 1764
1764, 1971
1761, 1972
1973, 410
1765, 1974
1766, 1975
1976, 414
1771, 1977
1772, 1978
1979, 417
1774, 1980
1775, 1981
1982, 601
1982, 1983
1984, 607
1984, 1985
1985, 1986
1986, 1987
1987, 1986
1985, 1987
1987, 1988
1988, 1987
1985, 1988
1989, 611
1989, 1990
1990, 1991
1991, 1992
1992, 1991
1990, 1992
1993, 417
1774, 1994
1775, 1995
1995, 1805
1805, 1995
1775, 1996
1996, 1997
1997, 1996
1775, 1997
1997, 1998
1998, 1997
1775, 1998
1999, 623
1999, 2000
2000, 2001
2001, 2002
2002, 2001
2000, 2002
2002, 2003
2003, 2002
2000, 2003
2004, 626
2004, 2005
2006, 479
1840, 2007
1841, 2008
2008, 2009
2009, 2008
1841, 2009
2010, 417
1774, 2011
1775, 2012
2012, 1805
1805, 2012
1775, 2013
2013, 1997
1997, 2013
1775, 2014
2015, 638
2015, 2016
2017, 642
2017, 2018
2018, 2019
2019, 2020
2020, 2019
2018, 2020
2020, 2021
2021, 2020
2018, 2021
2022, 82
1448, 2023
1449, 2024
2024, 1451
1451, 2024
1449, 2025
2025, 1615
1615, 2025
1449, 2026
2026, 1616
1616, 2026
1449, 2027
2027, 2028
2028, 2027
1449, 2028
2028, 2029
2029, 2028
1449, 2029
2029, 2030
2030, 2029
1449, 2030
2030, 2031
2031, 2030
1449, 2031
2031, 2032
2032, 2031
1449, 2032
2033, 658
2033, 2034
2034, 2035
2036, 661
2036, 2037
2037, 2038
2038, 2039
2039, 2038
2037, 2039
2040, 662
2040, 2041
2041, 2042
2042, 2043
2043, 2042
2041, 2043
2044, 670
2044, 2045
2045, 2046
2047, 273
1524, 2048
1525, 2049
2049, 1527
1527, 2049
1525, 2050
2051, 673
2051, 2052
2052, 2053
2054, 674
2054, 2055
2055, 2056
2056, 2057
2057, 2056
2055, 2057
2058, 675
2058, 2059
2059, 2060
2060, 2061
2061, 2060
2059, 2061
2061, 2062
2062, 2061
2059, 2062
2063, 677
2063, 2064
2064, 2065
2065, 2066
2066, 2065
2064, 2066
2066, 2067
2067, 2066
2064, 2067
2068, 679
2068, 2069
2069, 2070
2070, 2071
2071, 2070
2069, 2071
2072, 685
2072, 2073
2073, 2074
2074, 2075
2075, 2074
2073, 2075
2076, 688
2076, 2077
2077, 2078
2078, 2079
2079, 2078
2077, 2079
2080, 691
2080, 2081
2081, 2082
2082, 2083
2083, 2082
2081, 2083
2084, 695
2084, 2085
2085, 2086
2086, 2087
2087, 2086
2085, 2087
2088, 698
2088, 2089
2089, 2090
2090, 2091
2091, 2090
2089, 2091
2092, 700
2092, 2093
2093, 2094
2094, 2095
2095, 2094
2093, 2095
2095, 2096
2096, 2095
2093, 2096
2097, 703
2097, 2098
2098, 2099
2099, 2100
2100, 2099
2098, 2100
2100, 2101
2101, 2100
2098, 2101
2102, 707
2102, 2103
2104, 708
2104, 2105
2105, 2106
2107, 710
2107, 2108
2108, 2109
2109, 2110
2110, 2109
2108, 2110
2111, 711
2111, 2112
2112, 2113
2113, 2114
2114, 2113
2112, 2114
2115, 712
2115, 2116
2116, 2117
2117, 2118
2118, 2117
2116, 2118
2119, 715
2119, 2120
2120, 2121
2122, 717
2122, 2123
2123, 2124
2125, 718
2125, 2126
2127, 722
2127, 2128
2129, 261
1506, 2130
1507, 2131
2131, 2132
2132, 2131
1507, 2132
2133, 747
2133, 2134
2134, 2135
2136, 749
2136, 2137
2137, 2138
2138, 2139
2139, 2138
2137, 2139
2139, 2140
2140, 2139
2137, 2140
2141, 717
2122, 2142
2123, 2143
2144, 718
2125, 2145
2146, 762
2146, 2147
2147, 2148
2148, 2149
2149, 2148
2147, 2149
2149, 2150
2150, 2149
2147, 2150
2150, 2151
2151, 2150
2147, 2151
2151, 2152
2152, 2151
2147, 2152
2153, 767
2153, 2154
2155, 259
1504, 2156
2157, 82
1448, 2158
1449, 2159
2159, 1451
1451, 2159
1449, 2160
2160, 1615
1615, 2160
1449, 2161
2161, 1616
1616, 2161
1449, 2162
2162, 2028
2028, 2162
1449, 2163
2163, 2029
2029, 2163
1449, 2164
2164, 2030
2030, 2164
1449, 2165
2166, 815
2166, 2167
2167, 2168
2168, 2169
2169, 2168
2167, 2169
2169, 2170
2170, 2169
2167, 2170
2170, 2171
2171, 2170
2167, 2171
2171, 2172
2172, 2171
2167, 2172
2173, 273
1524, 2174
1525, 2175
2175, 1527
1527, 2175
1525, 2176
2177, 749
2136, 2178
2137, 2179
2179, 2139
2139, 2179
2137, 2180
2180, 2140
2140, 2180
2137, 2181
2181, 2182
2182, 2181
2137, 2182
2182, 2183
2183, 2182
2137, 2183
2184, 823
2184, 2185
2185, 2186
2186, 2187
2187, 2186
2185, 2187
2188, 831
2188, 2189
2189, 2190
2191, 833
2191, 2192
2192, 2193
2193, 2194
2194, 2193
2192, 2194
2195, 839
2195, 2196
2196, 2197
2198, 841
2198, 2199
2199, 2200
2200, 2201
2201, 2200
2199, 2201
2201, 2202
2202, 2201
2199, 2202
2202, 2203
2203, 2202
2199, 2203
2204, 82
1448, 2205
1449, 2206
2206, 1451
1451, 2206
1449, 2207
2207, 1615
1615, 2207
1449, 2208
2208, 1616
1616, 2208
1449, 2209
2209, 2028
2028, 2209
1449, 2210
2210, 2029
2029, 2210
1449, 2211
2211, 2030
2030, 2211
1449, 2212
2212, 2031
2031, 2212
1449, 2213
2213, 2032
2032, 2213
1449, 2214
2214, 2215
2215, 2214
1449, 2215
2216, 658
2033, 2217
2034, 2218
2219, 661
2036, 2220
2037, 2221
2221, 2039
2039, 2221
2037, 2222
2223, 662
2040, 2224
2041, 2225
2225, 2043
2043, 2225
2041, 2226
2227, 670
2044, 2228
2045, 2229
2230, 273
1524, 2231
1525, 2232
2232, 1527
1527, 2232
1525, 2233
2234, 341
1622, 2235
1623, 2236
2236, 2237
2237, 2236
1623, 2237
2238, 673
2051, 2239
2052, 2240
2241, 674
2054, 2242
2055, 2243
2243, 2057
2057, 2243
2055, 2244
2245, 675
2058, 2246
2059, 2247
2247, 2061
2061, 2247
2059, 2248
2248, 2062
2062, 2248
2059, 2249
2250, 677
2063, 2251
2064, 2252
2252, 2066
2066, 2252
2064, 2253
2253, 2067
2067, 2253
2064, 2254
2255, 679
2068, 2256
2069, 2257
2257, 2071
2071, 2257
2069, 2258
2259, 685
2072, 2260
2073, 2261
2261, 2075
2075, 2261
2073, 2262
2263, 688
2076, 2264
2077, 2265
2265, 2079
2079, 2265
2077, 2266
2267, 691
2080, 2268
2081, 2269
2269, 2083
2083, 2269
2081, 2270
2271, 695
2084, 2272
2085, 2273
2273, 2087
2087, 2273
2085, 2274
2275, 698
2088, 2276
2089, 2277
2277, 2091
2091, 2277
2089, 2278
2278, 2279
2279, 2278
2089, 2279
2279, 2280
2280, 2279
2089, 2280
2280, 2281
2281, 2280
2089, 2281
2281, 2282
2282, 2281
2089, 2282
2283, 700
2092, 2284
2093, 2285
2285, 2095
2095, 2285
2093, 2286
2286, 2096
2096, 2286
2093, 2287
2288, 703
2097, 2289
2098, 2290
2290, 2100
2100, 2290
2098, 2291
2291, 2101
2101, 2291
2098, 2292
2292, 2293
2293, 2292
2098, 2293
2293, 2294
2294, 2293
2098, 2294
2294, 2295
2295, 2294
2098, 2295
2295, 2296
2296, 2295
2098, 2296
2297, 910
2297, 2298
2298, 2299
2299, 2300
2300, 2299
2298, 2300
2300, 2301
2301, 2300
2298, 2301
2301, 2302
2302, 2301
2298, 2302
2302, 2303
2303, 2302
2298, 2303
2303, 2304
2304, 2303
2298, 2304
2304, 2305
2305, 2304
2298, 2305
2306, 261
1506, 2307
1507, 2308
2308, 2132
2132, 2308
1507, 2309
2310, 917
2310, 2311
2311, 2312
2312, 2313
2313, 2312
2311, 2313
2313, 2314
2314, 2313
2311, 2314
2314, 2315
2315, 2314
2311, 2315
2316, 82
1448, 2317
1449, 2318
2319, 183
2319, 2320
2320, 2321
2321, 2322
2322, 2321
2320, 2322
2323, 82
1448, 2324
1449, 2325
2325, 1451
1451, 2325
1449, 2326
2326, 1615
1615, 2326
1449, 2327
2328, 196
2328, 2329
2329, 2330
2330, 2331
2331, 2330
2329, 2331
2332, 199
2332, 2333
2333, 2334
2334, 2335
2335, 2334
2333, 2335
2336, 200
2336, 2337
2337, 2338
2338, 2339
2339, 2338
2337, 2339
2340, 204
2340, 2341
2341, 2342
2342, 2343
2343, 2342
2341, 2343
2344, 208
2344, 2345
2345, 2346
2346, 2347
2347, 2346
2345, 2347
2347, 2348
2348, 2347
2345, 2348
2348, 2349
2349, 2348
2345, 2349
2350, 219
2350, 2351
2351, 2352
2353, 220
2353, 2354
2354, 2355
2355, 2356
2356, 2355
2354, 2356
2356, 2357
2357, 2356
2354, 2357
2358, 222
2358, 2359
2359, 2360
2360, 2361
2361, 2360
2359, 2361
2361, 2362
2362, 2361
2359, 2362
2363, 223
2363, 2364
2364, 2365
2365, 2366
2366, 2365
2364, 2366
2366, 2367
2367, 2366
2364, 2367
2367, 2368
2368, 2367
2364, 2368
2368, 2369
2369, 2368
2364, 2369
2370, 227
2370, 2371
2371, 2372
2372, 2373
2373, 2372
2371, 2373
2373, 2374
2374, 2373
2371, 2374
2374, 2375
2375, 2374
2371, 2375
2375, 2376
2376, 2375
2371, 2376
2377, 229
2377, 2378
2378, 2379
2379, 2380
2380, 2379
2378, 2380
2380, 2381
2381, 2380
2378, 2381
2382, 235
2382, 2383
2383, 2384
2384, 2385
2385, 2384
2383, 2385
2385, 2386
2386, 2385
2383, 2386
2386, 2387
2387, 2386
2383, 2387
2387, 2388
2388, 2387
2383, 2388
2388, 2389
2389, 2388
2383, 2389
2390, 239
2390, 2391
2391, 2392
2392, 2393
2393, 2392
2391, 2393
2393, 2394
2394, 2393
2391, 2394
2395, 240
2395, 2396
2396, 2397
2397, 2398
2398, 2397
2396, 2398
2398, 2399
2399, 2398
2396, 2399
2400, 243
2400, 2401
2401, 2402
2402, 2403
2403, 2402
2401, 2403
2403, 2404
2404, 2403
2401, 2404
2404, 2405
2405, 2404
2401, 2405
2406, 248
2406, 2407
2407, 2408
2408, 2409
2409, 2408
2407, 2409
2409, 2410
2410, 2409
2407, 2410
2410, 2411
2411, 2410
2407, 2411
2411, 2412
2412, 2411
2407, 2412
2412, 2413
2413, 2412
2407, 2413
2413, 2414
2414, 2413
2407, 2414
2415, 252
2415, 2416
2416, 2417
2417, 2418
2418, 2417
2416, 2418
2418, 2419
2419, 2418
2416, 2419
2419, 2420
2420, 2419
2416, 2420
2421, 930
2421, 2422
2422, 2423
2423, 2424
2424, 2423
2422, 2424
2425, 932
2425, 2426
2427, 715
2119, 2428
2120, 2429
2430, 718
2125, 2431
2432, 943
2432, 2433
2434, 261
1506, 2435
1507, 2436
2436, 2132
2132, 2436
1507, 2437
2438, 749
2136, 2439
2137, 2440
2440, 2139
2139, 2440
2137, 2441
2441, 2140
2140, 2441
2137, 2442
2442, 2182
2182, 2442
2137, 2443
2443, 2183
2183, 2443
2137, 2444
2444, 2445
2445, 2444
2137, 2445
2445, 2446
2446, 2445
2137, 2446
2447, 718
2125, 2448
2449, 762
2146, 2450
2147, 2451
2451, 2149
2149, 2451
2147, 2452
2453, 767
2153, 2454
2455, 259
1504, 2456
2457, 372
1659, 2458
1660, 2459
2460, 374
1662, 2461
1663, 2462
2462, 1665
1665, 2462
1663, 2463
2464, 376
1666, 2465
1667, 2466
2466, 1669
1669, 2466
1667, 2467
2468, 377
1734, 2469
1735, 2470
2470, 1737
1737, 2470
1735, 2471
2471, 1738
1738, 2471
1735, 2472
2473, 381
1739, 2474
1740, 2475
2475, 1742
1742, 2475
1740, 2476
2476, 1743
1743, 2476
1740, 2477
2477, 1744
1744, 2477
1740, 2478
2478, 1745
1745, 2478
1740, 2479
2479, 1746
1746, 2479
1740, 2480
2480, 1747
1747, 2480
1740, 2481
2482, 385
1748, 2483
1749, 2484
2484, 1751
1751, 2484
1749, 2485
2485, 1752
1752, 2485
1749, 2486
2487, 395
1753, 2488
1754, 2489
2489, 1756
1756, 2489
1754, 2490
2490, 1757
1757, 2490
1754, 2491
2492, 82
1448, 2493
1449, 2494
2494, 1451
1451, 2494
1449, 2495
2495, 1615
1615, 2495
1449, 2496
2496, 1616
1616, 2496
1449, 2497
2497, 2028
2028, 2497
1449, 2498
2498, 2029
2029, 2498
1449, 2499
2500, 1057
2500, 2501
2501, 2502
2502, 2503
2503, 2502
2501, 2503
2504, 1060
2504, 2505
2505, 2506
2506, 2507
2507, 2506
2505, 2507
2508, 1061
2508, 2509
2509, 2510
2510, 2511
2511, 2510
2509, 2511
2512, 1062
2512, 2513
2513, 2514
2514, 2515
2515, 2514
2513, 2515
2515, 2516
2516, 2515
2513, 2516
2517, 675
2058, 2518
2059, 2519
2519, 2061
2061, 2519
2059, 2520
2520, 2062
2062, 2520
2059, 2521
2522, 677
2063, 2523
2064, 2524
2524, 2066
2066, 2524
2064, 2525
2525, 2067
2067, 2525
2064, 2526
2527, 679
2068, 2528
2069, 2529
2529, 2071
2071, 2529
2069, 2530
2531, 685
2072, 2532
2073, 2533
2533, 2075
2075, 2533
2073, 2534
2535, 688
2076, 2536
2077, 2537
2537, 2079
2079, 2537
2077, 2538
2539, 715
2119, 2540
2120, 2541
2542, 718
2125, 2543
2544, 722
2127, 2545
2546, 718
2125, 2547
2548, 767
2153, 2549
2550, 827
2550, 2551
2551, 2552
2552, 2553
2553, 2552
2551, 2553
2554, 828
2554, 2555
2555, 2556
2556, 2557
2557, 2556
2555, 2557
2557, 2558
2558, 2557
2555, 2558
2559, 1157
2559, 2560
2560, 2561
2562, 82
1448, 2563
1449, 2564
2564, 1451
1451, 2564
1449, 2565
2565, 1615
1615, 2565
1449, 2566
2566, 1616
1616, 2566
1449, 2567
2567, 2028
2028, 2567
1449, 2568
2568, 2029
2029, 2568
1449, 2569
2569, 2030
2030, 2569
1449, 2570
2570, 2031
2031, 2570
1449, 2571
2571, 2032
2032, 2571
1449, 2572
2573, 1165
2573, 2574
2574, 2575
2575, 2576
2576, 2575
2574, 2576
2576, 2577
2577, 2576
2574, 2577
2577, 2578
2578, 2577
2574, 2578
2578, 2579
2579, 2578
2574, 2579
2579, 2580
2580, 2579
2574, 2580
2581, 1167
2581, 2582
2582, 2583
2583, 2584
2584, 2583
2582, 2584
2584, 2585
2585, 2584
2582, 2585
2585, 2586
2586, 2585
2582, 2586
2586, 2587
2587, 2586
2582, 2587
2587, 2588
2588, 2587
2582, 2588
2588, 2589
2589, 2588
2582, 2589
2590, 1171
2590, 2591
2591, 2592
2592, 2593
2593, 2592
2591, 2593
2594, 1173
2594, 2595
2595, 2596
2596, 2597
2597, 2596
2595, 2597
2598, 670
2044, 2599
2045, 2600
2601, 674
2054, 2602
2055, 2603
2603, 2057
2057, 2603
2055, 2604
2604, 2605
2605, 2604
2055, 2605
2606, 675
2058, 2607
2059, 2608
2608, 2061
2061, 2608
2059, 2609
2609, 2062
2062, 2609
2059, 2610
2611, 677
2063, 2612
2064, 2613
2613, 2066
2066, 2613
2064, 2614
2614, 2067
2067, 2614
2064, 2615
2616, 679
2068, 2617
2069, 2618
2618, 2071
2071, 2618
2069, 2619
2620, 685
2072, 2621
2073, 2622
2622, 2075
2075, 2622
2073, 2623
2624, 688
2076, 2625
2077, 2626
2626, 2079
2079, 2626
2077, 2627
2628, 718
2125, 2629
2630, 1201
2630, 2631
2632, 1235
2632, 2633
2634, 1239
2634, 2635
2636, 1241
2636, 2637
2638, 1242
2638, 2639
2640, 1245
2640, 2641
2642, 1247
2642, 2643
2644, 1249
2644, 2645
2646, 1251
2646, 2647
2648, 1253
2648, 2649
2650, 1249
2644, 2651
2652, 1256
2652, 2653
2654, 1249
2644, 2655
2656, 1263
2656, 2657
2658, 1249
2644, 2659
2660, 1267
2660, 2661
2662, 1269
2662, 2663
2664, 1270
2664, 2665
2666, 1271
2666, 2667
2668, 1273
2668, 2669
2670, 1280
2670, 2671
2672, 1288
2672, 2673
2674, 2675
2676, 1236
2676, 2677
2678, 1289
2678, 2679
2680, 2681
2682, 2683
2684, 1293
2684, 2685
2686, 1297
2686, 2687
2688, 1237
2688, 2689
2690, 1307
2690, 2691
2692, 1294
2692, 2693
2694, 1308
2694, 2695
2696, 2697
2698, 1301
2698, 2699
2700, 1258
2700, 2701
2702, 2703
2704, 2705
2706, 2707
2708, 1249
2644, 2709
2710, 1318
2710, 2711
2712, 1280
2670, 2713
2714, 1320
2714, 2715
2716, 1295
2716, 2717
2718, 1301
2698, 2719
2720, 1301
2698, 2721
2722, 1308
2694, 2723
2724, 1239
2634, 2725
2726, 1321
2726, 2727
2728, 1322
2728, 2729
2730, 1323
2730, 2731
2732, 1324
2732, 2733
2734, 1325
2734, 2735
2736, 1341
2736, 2737
2738, 1343
2738, 2739
2740, 1344
2740, 2741
2742, 1326
2742, 2743
2744, 1327
2744, 2745
2746, 1328
2746, 2747
2748, 1329
2748, 2749
2750, 1346
2750, 2751
2752, 1274
2752, 2753
2754, 2755
2756, 1237
2688, 2757
2758, 1243
2758, 2759
2760, 1256
2652, 2761
2762, 1256
2652, 2763
2764, 1249
2644, 2765
2766, 1348
2766, 2767
2768, 1256
2652, 2769
2770, 1348
2766, 2771
2772, 1275
2772, 2773
2774, 1353
2774, 2775
2776, 1263
2656, 2777
2778, 1348
2766, 2779
2780, 1348
2766, 2781
2782, 1256
2652, 2783
2784, 1348
2766, 2785
2786, 1348
2766, 2787
2788, 2789
2790, 2791
2792, 1318
2710, 2793
2794, 1280
2670, 2795
2796, 1348
2766, 2797
2798, 1369
2798, 2799
2800, 1374
2800, 2801
2802, 1370
2802, 2803
2804, 1376
2804, 2805
2806, 1378
2806, 2807
2808, 1348
2766, 2809
2810, 1249
2644, 2811
2812, 1384
2812, 2813
2814, 1386
2814, 2815
2816, 1387
2816, 2817
2818, 1389
2818, 2819
2820, 1390
2820, 2821
2822, 1371
2822, 2823
2824, 1394
2824, 2825
2826, 1398
2826, 2827
2828, 1372
2828, 2829
2830, 1400
2830, 2831
2832, 1401
2832, 2833
2834, 1391
2834, 2835
2836, 1391
2834, 2837
2838, 1406
2838, 2839
2840, 1407
2840, 2841
2842, 1408
2842, 2843
2844, 1409
2844, 2845
2846, 1396
2846, 2847
2848, 1411
2848, 2849
2850, 1402
2850, 2851
2852, 1403
2852, 2853
2854, 1414
2854, 2855
2856, 1414
2854, 2857
2858, 1414
2854, 2859
2860, 1414
2854, 2861
2862, 1416
2862, 2863
2864, 1417
2864, 2865
2866, 1418
2866, 2867
2868, 1412
2868, 2869
2870, 1412
2868, 2871
2872, 1348
2766, 2873
2874, 1276
2874, 2875
2876, 1424
2876, 2877
2878, 1277
2878, 2879
2880, 1280
2670, 2881
2882, 2883
2884, 1426
2884, 2885
2886, 2887
2754, 2889
2890, 1257
2890, 2891
2892, 1258
2700, 2893
2894, 1258
2700, 2895
2896, 1308
2694, 2897
2898, 1391
2834, 2899
2900, 1391
2834, 2901
2902, 1391
2834, 2903
2904, 1391
2834, 2905
2906, 1391
2834, 2907
2908, 1298
2908, 2909
2910, 1430
2910, 2911
2912, 1300
2912, 2913
2914, 1301
2698, 2915
2916, 1300
2912, 2917
2918, 1434
2918, 2919
2920, 1435
2920, 2921
2922, 1436
2922, 2923
2924, 1301
2698, 2925
2926, 1301
2698, 2927
2928, 1270
2664, 2929
2930, 1301
2698, 2931
2932, 1442
2932, 2933
2934, 1301
2698, 2935
2936, 1301
2698, 2937
2938, 1351
2938, 2939
2940, 1351
2938, 2941
2942, 1307
2690, 2943
2944, 1308
2694, 2945
2946, 2947
2948, 1308
2694, 2949
2950, 1307
2690, 2951
2952, 1404
2952, 2953
2954, 1414
2854, 2955
2956, 1414
2854, 2957
2958, 1414
2854, 2959
2960, 1414
2854, 2961
