4, 5
5, 4
4, 6
6, 4
13, 14
14, 13
19, 20
20, 19
24, 25
25, 24
26, 27
27, 26
38, 39
39, 38
44, 45
45, 44
51, 52
52, 51
74, 75
75, 74
84, 85
85, 84
86, 87
87, 88
88, 87
207, 88
88, 207
87, 89
89, 87
208, 89
89, 208
87, 90
90, 87
1737, 90
90, 1737
87, 91
91, 87
1744, 91
91, 1744
87, 92
92, 87
1808, 92
92, 1808
87, 93
93, 87
1814, 93
93, 1814
87, 94
94, 87
1821, 94
94, 1821
87, 95
95, 87
1745, 95
95, 1745
87, 96
96, 87
1823, 96
96, 1823
87, 97
97, 87
1957, 97
97, 1957
87, 98
98, 87
1958, 98
98, 1958
87, 99
99, 87
1960, 99
99, 1960
87, 100
100, 87
2116, 100
100, 2116
86, 101
101, 102
86, 103
86, 104
104, 105
105, 104
1746, 105
105, 1746
86, 106
106, 107
107, 106
103, 107
107, 103
106, 108
108, 106
1747, 108
108, 1747
106, 109
109, 106
1746, 109
109, 1746
86, 110
110, 111
111, 110
172, 111
111, 172
110, 112
112, 110
1746, 112
112, 1746
86, 113
113, 114
114, 113
110, 114
114, 110
113, 115
115, 113
1333, 115
115, 1333
113, 116
116, 113
1648, 116
116, 1648
113, 117
117, 113
1748, 117
117, 1748
113, 118
118, 113
1747, 118
118, 1747
113, 119
119, 113
1749, 119
119, 1749
113, 120
120, 113
1746, 120
120, 1746
86, 121
121, 122
122, 121
113, 122
122, 113
121, 123
123, 121
1528, 123
123, 1528
121, 124
124, 121
1750, 124
124, 1750
121, 125
125, 121
2116, 125
125, 2116
121, 126
126, 121
1809, 126
126, 1809
121, 127
127, 121
1825, 127
127, 1825
121, 128
128, 121
1751, 128
128, 1751
121, 129
129, 121
1801, 129
129, 1801
121, 130
130, 121
1834, 130
130, 1834
121, 131
131, 121
1835, 131
131, 1835
121, 132
132, 121
1836, 132
132, 1836
121, 133
133, 121
1841, 133
133, 1841
121, 134
134, 121
1853, 134
134, 1853
121, 135
135, 121
1857, 135
135, 1857
121, 136
136, 121
1752, 136
136, 1752
121, 137
137, 121
1836, 137
137, 1836
121, 138
138, 121
1867, 138
138, 1867
121, 139
139, 121
1746, 139
139, 1746
121, 140
140, 121
1770, 140
140, 1770
121, 141
141, 121
1770, 141
141, 1770
121, 142
142, 121
1770, 142
142, 1770
121, 143
143, 121
1810, 143
143, 1810
86, 144
144, 145
145, 144
1751, 145
145, 1751
86, 146
146, 147
147, 146
106, 147
147, 106
146, 148
148, 146
498, 148
148, 498
146, 149
149, 146
1679, 149
149, 1679
146, 150
150, 146
1004, 150
150, 1004
146, 151
151, 146
1034, 151
151, 1034
146, 152
152, 146
1919, 152
152, 1919
146, 153
153, 146
2116, 153
153, 2116
146, 154
154, 146
1750, 154
154, 1750
146, 155
155, 146
1926, 155
155, 1926
146, 156
156, 146
1933, 156
156, 1933
146, 157
157, 146
1921, 157
157, 1921
146, 158
158, 146
1753, 158
158, 1753
86, 159
159, 160
160, 159
1754, 160
160, 1754
159, 161
161, 159
1746, 161
161, 1746
159, 162
162, 159
1748, 162
162, 1748
159, 163
163, 159
1755, 163
163, 1755
159, 164
164, 159
1753, 164
164, 1753
159, 165
165, 159
1814, 165
165, 1814
159, 166
166, 159
2116, 166
166, 2116
159, 167
167, 159
1756, 167
167, 1756
159, 168
168, 159
1757, 168
168, 1757
159, 169
169, 159
1758, 169
169, 1758
159, 170
170, 159
1759, 170
170, 1759
159, 171
171, 159
1749, 171
171, 1749
86, 172
172, 173
173, 172
159, 173
173, 159
172, 174
174, 172
1650, 174
174, 1650
172, 175
175, 172
1747, 175
175, 1747
172, 176
176, 172
1760, 176
176, 1760
172, 177
177, 172
1940, 177
177, 1940
172, 178
178, 172
1746, 178
178, 1746
172, 179
179, 172
1761, 179
179, 1761
172, 180
180, 172
1814, 180
180, 1814
172, 181
181, 172
1942, 181
181, 1942
172, 182
182, 172
1762, 182
182, 1762
172, 183
183, 172
1763, 183
183, 1763
172, 184
184, 172
1764, 184
184, 1764
172, 185
185, 172
1765, 185
185, 1765
172, 186
186, 172
2116, 186
186, 2116
86, 187
187, 188
188, 187
1815, 188
188, 1815
86, 189
189, 190
189, 191
191, 192
192, 191
187, 192
192, 187
189, 193
86, 194
194, 195
195, 194
1944, 195
195, 1944
86, 196
86, 197
197, 198
198, 197
1949, 198
198, 1949
197, 199
199, 197
1951, 199
199, 1951
197, 200
200, 197
1839, 200
200, 1839
86, 201
201, 202
202, 201
1949, 202
202, 1949
201, 203
203, 201
1839, 203
203, 1839
201, 204
204, 201
1750, 204
204, 1750
201, 205
205, 201
1953, 205
205, 1953
201, 206
206, 201
1955, 206
206, 1955
86, 207
86, 208
208, 209
209, 208
146, 209
209, 146
208, 210
210, 208
121, 210
210, 121
208, 211
211, 208
194, 211
211, 194
208, 212
212, 208
197, 212
212, 197
208, 213
213, 208
201, 213
213, 201
208, 214
214, 208
196, 214
214, 196
208, 215
215, 208
113, 215
215, 113
208, 216
216, 208
279, 216
216, 279
208, 217
217, 208
463, 217
217, 463
208, 218
218, 208
300, 218
218, 300
208, 219
219, 208
352, 219
219, 352
208, 220
220, 208
345, 220
220, 345
208, 221
221, 208
1672, 221
221, 1672
208, 222
222, 208
1694, 222
222, 1694
208, 223
223, 208
618, 223
223, 618
208, 224
224, 208
1333, 224
224, 1333
208, 225
225, 208
1683, 225
225, 1683
208, 226
226, 208
618, 226
226, 618
208, 227
227, 208
523, 227
227, 523
208, 228
228, 208
513, 228
228, 513
208, 229
229, 208
625, 229
229, 625
208, 230
230, 208
2116, 230
230, 2116
208, 231
231, 208
1867, 231
231, 1867
208, 232
232, 208
1868, 232
232, 1868
208, 233
233, 208
1805, 233
233, 1805
208, 234
234, 208
1759, 234
234, 1759
208, 235
235, 208
1770, 235
235, 1770
208, 236
236, 208
1748, 236
236, 1748
208, 237
237, 208
1801, 237
237, 1801
208, 238
238, 208
1770, 238
238, 1770
208, 239
239, 208
1751, 239
239, 1751
208, 240
240, 208
1776, 240
240, 1776
208, 241
241, 208
1825, 241
241, 1825
208, 242
242, 208
1854, 242
242, 1854
208, 243
243, 208
1857, 243
243, 1857
208, 244
244, 208
1753, 244
244, 1753
208, 245
245, 208
1974, 245
245, 1974
208, 246
246, 208
208, 247
247, 208
1752, 247
247, 1752
208, 248
248, 208
1871, 248
248, 1871
208, 249
249, 208
1767, 249
249, 1767
208, 250
250, 208
1747, 250
250, 1747
208, 251
251, 208
1976, 251
251, 1976
208, 252
252, 208
1816, 252
252, 1816
208, 253
253, 208
1766, 253
253, 1766
208, 254
254, 208
1980, 254
254, 1980
208, 255
255, 208
1776, 255
255, 1776
208, 256
256, 208
1767, 256
256, 1767
208, 257
257, 208
1768, 257
257, 1768
208, 258
258, 208
1817, 258
258, 1817
208, 259
259, 208
1946, 259
259, 1946
208, 260
260, 208
1761, 260
260, 1761
208, 261
261, 208
1815, 261
261, 1815
208, 262
262, 208
1752, 262
262, 1752
208, 263
263, 208
1769, 263
263, 1769
208, 264
264, 208
1760, 264
264, 1760
208, 265
265, 208
1835, 265
265, 1835
208, 266
266, 208
1835, 266
266, 1835
208, 267
267, 208
1835, 267
267, 1835
208, 268
268, 208
1746, 268
268, 1746
208, 269
269, 208
1988, 269
269, 1988
208, 270
270, 208
1765, 270
270, 1765
208, 271
271, 208
1988, 271
271, 1988
208, 272
272, 208
1922, 272
272, 1922
208, 273
273, 208
1923, 273
273, 1923
208, 274
274, 208
1762, 274
274, 1762
208, 275
275, 208
1770, 275
275, 1770
208, 276
276, 208
1853, 276
276, 1853
208, 277
277, 208
1992, 277
277, 1992
208, 278
278, 208
1759, 278
278, 1759
86, 279
279, 280
280, 279
1690, 280
280, 1690
279, 281
281, 279
1841, 281
281, 1841
279, 282
282, 279
1924, 282
282, 1924
279, 283
283, 279
1771, 283
283, 1771
284, 285
285, 286
286, 285
292, 286
286, 292
285, 287
287, 285
1062, 287
287, 1062
285, 288
288, 285
928, 288
288, 928
285, 289
289, 285
2004, 289
289, 2004
285, 290
290, 285
2005, 290
290, 2005
285, 291
291, 285
1776, 291
291, 1776
284, 292
0, 293
293, 0
293, 294
294, 295
295, 294
1766, 295
295, 1766
294, 296
296, 294
1775, 296
296, 1775
294, 297
297, 294
1774, 297
297, 1774
293, 298
298, 299
299, 298
1766, 299
299, 1766
293, 300
300, 301
301, 300
298, 301
301, 298
300, 302
302, 300
349, 302
302, 349
300, 303
303, 300
1702, 303
303, 1702
300, 304
304, 300
1841, 304
304, 1841
300, 305
305, 300
1750, 305
305, 1750
300, 306
306, 300
1855, 306
306, 1855
300, 307
307, 300
1868, 307
307, 1868
300, 308
308, 300
1867, 308
308, 1867
300, 309
309, 300
1871, 309
309, 1871
300, 310
310, 300
1877, 310
310, 1877
300, 311
311, 300
1760, 311
311, 1760
300, 312
312, 300
1752, 312
312, 1752
300, 313
313, 300
1780, 313
313, 1780
300, 314
314, 300
2012, 314
314, 2012
293, 315
315, 316
316, 315
1842, 316
316, 1842
315, 317
317, 315
1843, 317
317, 1843
315, 318
318, 315
1993, 318
318, 1993
315, 319
319, 315
2014, 319
319, 2014
315, 320
320, 315
1992, 320
320, 1992
315, 321
321, 315
2015, 321
321, 2015
315, 322
322, 315
1994, 322
322, 1994
315, 323
323, 315
1995, 323
323, 1995
315, 324
324, 315
1996, 324
324, 1996
315, 325
325, 315
1997, 325
325, 1997
293, 326
326, 327
327, 326
1842, 327
327, 1842
326, 328
328, 326
1843, 328
328, 1843
326, 329
329, 326
1993, 329
329, 1993
326, 330
330, 326
2014, 330
330, 2014
326, 331
331, 326
1992, 331
331, 1992
326, 332
332, 326
2015, 332
332, 2015
326, 333
333, 326
1994, 333
333, 1994
326, 334
334, 326
1855, 334
334, 1855
326, 335
335, 326
1868, 335
335, 1868
326, 336
336, 326
2012, 336
336, 2012
326, 337
337, 326
1771, 337
337, 1771
293, 338
338, 339
339, 338
1750, 339
339, 1750
338, 340
340, 338
1776, 340
340, 1776
338, 341
341, 338
1771, 341
341, 1771
338, 342
342, 338
2010, 342
342, 2010
293, 343
343, 344
344, 343
1845, 344
344, 1845
293, 345
345, 346
346, 345
298, 346
346, 298
345, 347
347, 345
1760, 347
347, 1760
345, 348
348, 345
1752, 348
348, 1752
293, 349
349, 350
350, 349
298, 350
350, 298
0, 351
351, 0
351, 352
351, 353
353, 354
354, 353
1868, 354
354, 1868
351, 355
355, 356
356, 355
1843, 356
356, 1843
355, 357
357, 355
1868, 357
357, 1868
351, 358
358, 359
359, 358
353, 359
359, 353
358, 360
360, 358
368, 360
360, 368
358, 361
361, 358
1841, 361
361, 1841
358, 362
362, 358
1994, 362
362, 1994
358, 363
363, 358
1752, 363
363, 1752
358, 364
364, 358
1855, 364
364, 1855
358, 365
365, 358
1802, 365
365, 1802
358, 366
366, 358
1867, 366
366, 1867
358, 367
367, 358
1871, 367
367, 1871
351, 368
368, 369
369, 368
355, 369
369, 355
368, 370
370, 368
1752, 370
370, 1752
368, 371
371, 368
1841, 371
371, 1841
368, 372
372, 368
1994, 372
372, 1994
368, 373
373, 368
1868, 373
373, 1868
0, 374
374, 0
374, 375
375, 376
376, 375
1841, 376
376, 1841
375, 377
377, 375
1842, 377
377, 1842
375, 378
378, 375
1994, 378
378, 1994
375, 379
379, 375
1995, 379
379, 1995
375, 380
380, 375
1992, 380
380, 1992
375, 381
381, 375
2017, 381
381, 2017
375, 382
382, 375
1996, 382
382, 1996
374, 383
383, 384
384, 383
375, 384
384, 375
383, 385
385, 383
1750, 385
385, 1750
383, 386
386, 383
1841, 386
386, 1841
383, 387
387, 383
1994, 387
387, 1994
383, 388
388, 383
1855, 388
388, 1855
383, 389
389, 383
1842, 389
389, 1842
383, 390
390, 383
1868, 390
390, 1868
374, 391
391, 392
392, 391
1855, 392
392, 1855
374, 393
393, 394
394, 393
391, 394
394, 391
393, 395
395, 393
458, 395
395, 458
393, 396
396, 393
410, 396
396, 410
393, 397
397, 393
1752, 397
397, 1752
393, 398
398, 393
1773, 398
398, 1773
393, 399
399, 393
1966, 399
399, 1966
393, 400
400, 393
1801, 400
400, 1801
393, 401
401, 393
1770, 401
401, 1770
393, 402
402, 393
1758, 402
402, 1758
393, 403
403, 393
1893, 403
403, 1893
393, 404
404, 393
1760, 404
404, 1760
393, 405
405, 393
1868, 405
405, 1868
393, 406
406, 393
1775, 406
406, 1775
393, 407
407, 393
1774, 407
407, 1774
393, 408
408, 393
1871, 408
408, 1871
393, 409
409, 393
1894, 409
409, 1894
374, 410
410, 411
411, 410
1748, 411
411, 1748
374, 412
412, 413
413, 412
410, 413
413, 410
412, 414
414, 412
1773, 414
414, 1773
412, 415
415, 412
1752, 415
415, 1752
374, 416
416, 417
417, 416
1799, 417
417, 1799
374, 418
418, 419
419, 418
410, 419
419, 410
418, 420
420, 418
412, 420
420, 412
418, 421
421, 418
1871, 421
421, 1871
374, 422
422, 423
423, 422
410, 423
423, 410
422, 424
424, 422
412, 424
424, 412
422, 425
425, 422
1868, 425
425, 1868
422, 426
426, 422
1760, 426
426, 1760
422, 427
427, 422
1885, 427
427, 1885
422, 428
428, 422
1775, 428
428, 1775
422, 429
429, 422
1774, 429
429, 1774
422, 430
430, 422
1863, 430
430, 1863
422, 431
431, 422
1871, 431
431, 1871
374, 432
432, 433
433, 432
442, 433
433, 442
432, 434
434, 432
446, 434
434, 446
432, 435
435, 432
410, 435
435, 410
432, 436
436, 432
412, 436
436, 412
432, 437
437, 432
1868, 437
437, 1868
432, 438
438, 432
1759, 438
438, 1759
432, 439
439, 432
1795, 439
439, 1795
432, 440
440, 432
1885, 440
440, 1885
432, 441
441, 432
1871, 441
441, 1871
374, 442
442, 443
443, 442
1868, 443
443, 1868
442, 444
444, 442
1805, 444
444, 1805
442, 445
445, 442
1759, 445
445, 1759
374, 446
374, 447
447, 448
448, 447
418, 448
448, 418
447, 449
449, 447
1747, 449
449, 1747
447, 450
450, 447
1871, 450
450, 1871
447, 451
451, 447
1888, 451
451, 1888
447, 452
452, 447
1966, 452
452, 1966
374, 453
453, 454
454, 453
1871, 454
454, 1871
453, 455
455, 453
1888, 455
455, 1888
453, 456
456, 453
1747, 456
456, 1747
453, 457
457, 453
1889, 457
457, 1889
374, 458
458, 459
459, 458
1889, 459
459, 1889
458, 460
460, 458
1767, 460
460, 1767
458, 461
461, 458
1786, 461
461, 1786
458, 462
462, 458
1966, 462
462, 1966
374, 463
463, 464
464, 463
383, 464
464, 383
463, 465
465, 463
447, 465
465, 447
463, 466
466, 463
453, 466
466, 453
463, 467
467, 463
418, 467
467, 418
463, 468
468, 463
410, 468
468, 410
463, 469
469, 463
422, 469
469, 422
463, 470
470, 463
1702, 470
470, 1702
463, 471
471, 463
1871, 471
471, 1871
463, 472
472, 463
1895, 472
472, 1895
463, 473
473, 463
1896, 473
473, 1896
463, 474
474, 463
1795, 474
474, 1795
463, 475
475, 463
1868, 475
475, 1868
463, 476
476, 463
1758, 476
476, 1758
463, 477
477, 463
1893, 477
477, 1893
463, 478
478, 463
1897, 478
478, 1897
463, 479
479, 463
1976, 479
479, 1976
463, 480
480, 463
1976, 480
480, 1976
1, 481
481, 1
481, 482
482, 483
483, 482
2028, 483
483, 2028
482, 484
484, 482
1744, 484
484, 1744
482, 485
485, 482
1808, 485
485, 1808
482, 486
486, 482
1766, 486
486, 1766
482, 487
487, 482
1898, 487
487, 1898
482, 488
488, 482
1770, 488
488, 1770
482, 489
489, 482
1772, 489
489, 1772
481, 490
490, 491
190, 492
492, 190
493, 492
492, 493
490, 493
493, 494
494, 493
1760, 494
494, 1760
490, 495
495, 496
496, 495
1746, 496
496, 1746
495, 497
497, 495
2018, 497
497, 2018
481, 498
498, 499
499, 498
495, 499
499, 495
498, 500
500, 498
495, 500
500, 495
498, 501
501, 498
2035, 501
501, 2035
481, 502
502, 503
190, 504
504, 190
1769, 504
504, 1769
190, 505
505, 190
1760, 505
505, 1760
190, 506
506, 190
1752, 506
506, 1752
190, 507
507, 190
1749, 507
507, 1749
502, 508
508, 509
509, 508
1758, 509
509, 1758
508, 510
510, 508
1835, 510
510, 1835
502, 511
511, 512
512, 511
1758, 512
512, 1758
502, 513
513, 514
514, 513
1746, 514
514, 1746
513, 515
515, 513
1761, 515
515, 1761
513, 516
516, 513
1835, 516
516, 1835
502, 517
517, 518
518, 517
1746, 518
518, 1746
517, 519
519, 517
1761, 519
519, 1761
502, 520
520, 521
521, 520
1746, 521
521, 1746
520, 522
522, 520
1761, 522
522, 1761
502, 523
523, 524
524, 523
1773, 524
524, 1773
523, 525
525, 523
1746, 525
525, 1746
502, 526
526, 527
527, 526
1758, 527
527, 1758
526, 528
528, 526
1773, 528
528, 1773
526, 529
529, 526
1746, 529
529, 1746
481, 530
530, 531
190, 532
532, 190
1760, 532
532, 1760
530, 533
533, 534
534, 533
1746, 534
534, 1746
533, 535
535, 533
1774, 535
535, 1774
533, 536
536, 533
1775, 536
536, 1775
533, 537
537, 533
1835, 537
537, 1835
530, 538
495, 539
539, 495
1746, 539
539, 1746
495, 540
540, 495
1774, 540
540, 1774
495, 541
541, 495
1775, 541
541, 1775
530, 542
542, 543
543, 542
1746, 543
543, 1746
542, 544
544, 542
1774, 544
544, 1774
542, 545
545, 542
1775, 545
545, 1775
481, 546
159, 547
547, 159
1754, 547
547, 1754
159, 548
548, 159
1746, 548
548, 1746
159, 549
549, 159
1766, 549
549, 1766
159, 550
550, 159
1748, 550
550, 1748
159, 551
551, 159
1755, 551
551, 1755
159, 552
552, 159
1753, 552
552, 1753
159, 553
553, 159
1814, 553
553, 1814
159, 554
554, 159
1756, 554
554, 1756
159, 555
555, 159
1757, 555
555, 1757
159, 556
556, 159
1758, 556
556, 1758
159, 557
557, 159
1759, 557
557, 1759
159, 558
558, 159
1749, 558
558, 1749
481, 559
481, 560
104, 561
561, 104
1746, 561
561, 1746
481, 562
106, 563
563, 106
103, 563
563, 103
106, 564
564, 106
1747, 564
564, 1747
106, 565
565, 106
1746, 565
565, 1746
481, 566
566, 567
190, 568
568, 190
2036, 568
568, 2036
190, 569
569, 190
2037, 569
569, 2037
566, 570
570, 571
571, 570
1776, 571
571, 1776
570, 572
572, 570
2047, 572
572, 2047
570, 573
573, 570
1746, 573
573, 1746
566, 574
574, 575
575, 574
1777, 575
575, 1777
574, 576
576, 574
1767, 576
576, 1767
481, 577
577, 578
190, 579
579, 190
2038, 579
579, 2038
190, 580
580, 190
2037, 580
580, 2037
190, 581
581, 190
2039, 581
581, 2039
577, 582
481, 583
583, 584
584, 583
2038, 584
584, 2038
583, 585
585, 583
2040, 585
585, 2040
481, 586
586, 587
190, 588
588, 190
583, 588
588, 583
190, 589
589, 190
1776, 589
589, 1776
190, 590
590, 190
2039, 590
590, 2039
190, 591
591, 190
2037, 591
591, 2037
190, 592
592, 190
2041, 592
592, 2041
586, 593
570, 594
594, 570
1836, 594
594, 1836
1, 595
595, 1
2, 596
596, 2
596, 597
597, 598
598, 597
2066, 598
598, 2066
596, 599
599, 600
600, 599
2018, 600
600, 2018
599, 601
601, 599
1958, 601
601, 1958
596, 602
602, 603
603, 602
2068, 603
603, 2068
596, 604
604, 605
605, 604
2070, 605
605, 2070
596, 606
606, 607
607, 606
1776, 607
607, 1776
596, 608
608, 609
609, 608
1998, 609
609, 1998
608, 610
610, 608
1992, 610
610, 1992
596, 611
611, 612
611, 613
611, 614
596, 615
615, 616
190, 617
617, 190
2075, 617
617, 2075
615, 618
618, 619
619, 618
1776, 619
619, 1776
618, 620
620, 618
1863, 620
620, 1863
618, 621
621, 618
1868, 621
621, 1868
615, 622
622, 623
623, 622
2075, 623
623, 2075
615, 624
615, 625
625, 626
626, 625
1938, 626
626, 1938
625, 627
627, 625
2086, 627
627, 2086
615, 628
628, 629
629, 628
602, 629
629, 602
596, 630
630, 631
190, 632
632, 190
643, 632
632, 643
190, 633
633, 190
703, 633
633, 703
190, 634
634, 190
649, 634
634, 649
190, 635
635, 190
659, 635
635, 659
190, 636
636, 190
710, 636
636, 710
190, 637
637, 190
645, 637
637, 645
190, 638
638, 190
717, 638
638, 717
190, 639
639, 190
736, 639
639, 736
190, 640
640, 190
720, 640
640, 720
190, 641
641, 190
723, 641
641, 723
190, 642
642, 190
727, 642
642, 727
630, 643
643, 644
644, 643
1999, 644
644, 1999
630, 645
645, 646
646, 645
599, 646
646, 599
645, 647
647, 645
660, 647
647, 660
645, 648
648, 645
1826, 648
648, 1826
630, 649
649, 650
650, 649
606, 650
650, 606
649, 651
651, 649
608, 651
651, 608
649, 652
652, 649
2070, 652
652, 2070
649, 653
653, 649
2088, 653
653, 2088
649, 654
654, 649
1846, 654
654, 1846
649, 655
655, 649
1842, 655
655, 1842
649, 656
656, 649
1847, 656
656, 1847
649, 657
657, 649
2089, 657
657, 2089
649, 658
658, 649
2000, 658
658, 2000
630, 659
630, 660
660, 661
661, 660
613, 661
661, 613
660, 662
662, 660
614, 662
662, 614
660, 663
663, 660
936, 663
663, 936
660, 664
664, 660
934, 664
664, 934
660, 665
665, 660
937, 665
665, 937
660, 666
666, 660
935, 666
666, 935
660, 667
667, 660
2091, 667
667, 2091
660, 668
668, 660
1848, 668
668, 1848
660, 669
669, 660
1776, 669
669, 1776
660, 670
670, 660
2093, 670
670, 2093
660, 671
671, 660
2088, 671
671, 2088
660, 672
672, 660
2001, 672
672, 2001
660, 673
673, 660
2095, 673
673, 2095
660, 674
674, 660
2095, 674
674, 2095
660, 675
675, 660
2096, 675
675, 2096
660, 676
676, 660
2096, 676
676, 2096
630, 677
677, 678
678, 677
2101, 678
678, 2101
677, 679
679, 677
2104, 679
679, 2104
677, 680
680, 677
2102, 680
680, 2102
677, 681
681, 677
2104, 681
681, 2104
677, 682
682, 677
2106, 682
682, 2106
677, 683
683, 677
2104, 683
683, 2104
677, 684
684, 677
2109, 684
684, 2109
677, 685
685, 677
2105, 685
685, 2105
677, 686
686, 677
2114, 686
686, 2114
630, 687
687, 688
688, 687
660, 688
688, 660
687, 689
689, 687
2091, 689
689, 2091
687, 690
690, 687
1848, 690
690, 1848
687, 691
691, 687
1776, 691
691, 1776
687, 692
692, 687
2093, 692
692, 2093
630, 693
693, 694
694, 693
660, 694
694, 660
630, 695
695, 696
696, 695
613, 696
696, 613
695, 697
697, 695
614, 697
697, 614
695, 698
698, 695
2115, 698
698, 2115
695, 699
699, 695
2116, 699
699, 2116
695, 700
700, 695
2117, 700
700, 2117
695, 701
701, 695
2118, 701
701, 2118
695, 702
702, 695
2119, 702
702, 2119
630, 703
703, 704
704, 703
2121, 704
704, 2121
703, 705
705, 703
2123, 705
705, 2123
703, 706
706, 703
2124, 706
706, 2124
703, 707
707, 703
2125, 707
707, 2125
703, 708
708, 703
2126, 708
708, 2126
703, 709
709, 703
2127, 709
709, 2127
630, 710
710, 711
711, 710
660, 711
711, 660
710, 712
712, 710
936, 712
712, 936
710, 713
713, 710
1849, 713
713, 1849
710, 714
714, 710
1995, 714
714, 1995
710, 715
715, 710
2132, 715
715, 2132
710, 716
716, 710
2133, 716
716, 2133
630, 717
717, 718
718, 717
660, 718
718, 660
717, 719
719, 717
2080, 719
719, 2080
630, 720
720, 721
721, 720
660, 721
721, 660
720, 722
722, 720
2002, 722
722, 2002
630, 723
723, 724
724, 723
2002, 724
724, 2002
630, 725
725, 726
726, 725
2135, 726
726, 2135
630, 727
727, 728
728, 727
660, 728
728, 660
727, 729
729, 727
1842, 729
729, 1842
727, 730
730, 727
1825, 730
730, 1825
727, 731
731, 727
2002, 731
731, 2002
630, 732
732, 733
733, 732
660, 733
733, 660
732, 734
734, 732
1849, 734
734, 1849
732, 735
735, 732
1776, 735
735, 1776
630, 736
736, 737
737, 736
2010, 737
737, 2010
630, 738
630, 739
739, 740
740, 739
2088, 740
740, 2088
596, 741
741, 742
742, 741
630, 743
190, 744
744, 190
643, 744
744, 643
190, 745
745, 190
703, 745
745, 703
190, 746
746, 190
649, 746
746, 649
190, 747
747, 190
659, 747
747, 659
190, 748
748, 190
710, 748
748, 710
190, 749
749, 190
645, 749
749, 645
190, 750
750, 190
717, 750
750, 717
190, 751
751, 190
736, 751
751, 736
190, 752
752, 190
720, 752
752, 720
190, 753
753, 190
723, 753
753, 723
190, 754
754, 190
727, 754
754, 727
630, 755
643, 756
756, 643
1999, 756
756, 1999
630, 757
645, 758
758, 645
599, 758
758, 599
645, 759
759, 645
660, 759
759, 660
645, 760
760, 645
1826, 760
760, 1826
630, 761
649, 762
762, 649
606, 762
762, 606
649, 763
763, 649
608, 763
763, 608
649, 764
764, 649
2070, 764
764, 2070
649, 765
765, 649
2088, 765
765, 2088
649, 766
766, 649
1846, 766
766, 1846
649, 767
767, 649
1842, 767
767, 1842
649, 768
768, 649
1847, 768
768, 1847
649, 769
769, 649
2089, 769
769, 2089
649, 770
770, 649
2000, 770
770, 2000
630, 771
630, 772
660, 773
773, 660
613, 773
773, 613
660, 774
774, 660
614, 774
774, 614
660, 775
775, 660
936, 775
775, 936
660, 776
776, 660
934, 776
776, 934
660, 777
777, 660
937, 777
777, 937
660, 778
778, 660
935, 778
778, 935
660, 779
779, 660
2091, 779
779, 2091
660, 780
780, 660
1848, 780
780, 1848
660, 781
781, 660
1776, 781
781, 1776
660, 782
782, 660
2093, 782
782, 2093
660, 783
783, 660
2088, 783
783, 2088
660, 784
784, 660
2001, 784
784, 2001
660, 785
785, 660
2095, 785
785, 2095
660, 786
786, 660
2095, 786
786, 2095
660, 787
787, 660
2096, 787
787, 2096
660, 788
788, 660
2096, 788
788, 2096
630, 789
677, 790
790, 677
2101, 790
790, 2101
677, 791
791, 677
2104, 791
791, 2104
677, 792
792, 677
2102, 792
792, 2102
677, 793
793, 677
2104, 793
793, 2104
677, 794
794, 677
2106, 794
794, 2106
677, 795
795, 677
2104, 795
795, 2104
677, 796
796, 677
2109, 796
796, 2109
677, 797
797, 677
2105, 797
797, 2105
677, 798
798, 677
2114, 798
798, 2114
630, 799
687, 800
800, 687
660, 800
800, 660
687, 801
801, 687
2091, 801
801, 2091
687, 802
802, 687
1848, 802
802, 1848
687, 803
803, 687
1776, 803
803, 1776
687, 804
804, 687
2093, 804
804, 2093
630, 805
693, 806
806, 693
660, 806
806, 660
630, 807
695, 808
808, 695
613, 808
808, 613
695, 809
809, 695
614, 809
809, 614
695, 810
810, 695
2115, 810
810, 2115
695, 811
811, 695
2116, 811
811, 2116
695, 812
812, 695
2117, 812
812, 2117
695, 813
813, 695
2118, 813
813, 2118
695, 814
814, 695
2119, 814
814, 2119
630, 815
703, 816
816, 703
2121, 816
816, 2121
703, 817
817, 703
2123, 817
817, 2123
703, 818
818, 703
2124, 818
818, 2124
703, 819
819, 703
2125, 819
819, 2125
703, 820
820, 703
2126, 820
820, 2126
703, 821
821, 703
2127, 821
821, 2127
630, 822
710, 823
823, 710
660, 823
823, 660
710, 824
824, 710
936, 824
824, 936
710, 825
825, 710
1849, 825
825, 1849
710, 826
826, 710
1995, 826
826, 1995
710, 827
827, 710
2132, 827
827, 2132
710, 828
828, 710
2133, 828
828, 2133
630, 829
717, 830
830, 717
660, 830
830, 660
717, 831
831, 717
2080, 831
831, 2080
630, 832
720, 833
833, 720
660, 833
833, 660
720, 834
834, 720
2002, 834
834, 2002
630, 835
723, 836
836, 723
2002, 836
836, 2002
630, 837
725, 838
838, 725
2135, 838
838, 2135
630, 839
727, 840
840, 727
660, 840
840, 660
727, 841
841, 727
1842, 841
841, 1842
727, 842
842, 727
1825, 842
842, 1825
727, 843
843, 727
2002, 843
843, 2002
630, 844
732, 845
845, 732
660, 845
845, 660
732, 846
846, 732
1849, 846
846, 1849
732, 847
847, 732
1776, 847
847, 1776
630, 848
736, 849
849, 736
2010, 849
849, 2010
630, 850
630, 851
739, 852
852, 739
2088, 852
852, 2088
741, 853
853, 741
853, 854
190, 855
855, 190
1052, 855
855, 1052
190, 856
856, 190
2075, 856
856, 2075
190, 857
857, 190
1938, 857
857, 1938
853, 858
533, 859
859, 533
1937, 859
859, 1937
741, 860
860, 741
860, 861
190, 862
862, 190
622, 862
862, 622
860, 863
860, 864
860, 865
865, 866
866, 865
625, 866
866, 625
741, 867
867, 741
867, 868
190, 869
869, 190
873, 869
869, 873
867, 870
870, 871
871, 870
873, 871
871, 873
870, 872
872, 870
2111, 872
872, 2111
867, 873
873, 874
874, 873
873, 874
874, 873
873, 875
875, 873
625, 875
875, 625
873, 876
876, 873
2111, 876
876, 2111
2, 877
877, 2
877, 878
285, 879
879, 285
936, 879
879, 936
285, 880
880, 285
894, 880
880, 894
285, 881
881, 285
2066, 881
881, 2066
285, 882
882, 285
2088, 882
882, 2088
285, 883
883, 285
2142, 883
883, 2142
285, 884
884, 285
2004, 884
884, 2004
285, 885
885, 285
2005, 885
885, 2005
285, 886
886, 285
2070, 886
886, 2070
285, 887
887, 285
1850, 887
887, 1850
285, 888
888, 285
1776, 888
888, 1776
285, 889
889, 285
2086, 889
889, 2086
285, 890
890, 285
1762, 890
890, 1762
2, 891
891, 2
891, 892
892, 893
893, 892
2146, 893
893, 2146
891, 894
894, 895
895, 894
1776, 895
895, 1776
891, 896
896, 897
897, 896
2148, 897
897, 2148
891, 898
898, 899
899, 898
896, 899
899, 896
898, 900
900, 898
1857, 900
900, 1857
898, 901
901, 898
1776, 901
901, 1776
891, 902
902, 903
903, 902
898, 903
903, 898
902, 904
904, 902
1776, 904
904, 1776
891, 905
905, 906
906, 905
898, 906
906, 898
905, 907
907, 905
1776, 907
907, 1776
905, 908
908, 905
1857, 908
908, 1857
891, 909
732, 910
910, 732
1995, 910
910, 1995
732, 911
911, 732
1776, 911
911, 1776
891, 912
912, 913
913, 912
898, 913
913, 898
912, 914
914, 912
2080, 914
914, 2080
891, 915
915, 916
916, 915
902, 916
916, 902
915, 917
917, 915
2057, 917
917, 2057
891, 918
918, 919
919, 918
898, 919
919, 898
918, 920
920, 918
902, 920
920, 902
891, 921
891, 922
922, 923
923, 922
2123, 923
923, 2123
922, 924
924, 922
2124, 924
924, 2124
922, 925
925, 922
2125, 925
925, 2125
922, 926
926, 922
2126, 926
926, 2126
891, 927
891, 928
928, 929
929, 928
1949, 929
929, 1949
928, 930
930, 928
1938, 930
930, 1938
928, 931
931, 928
1776, 931
931, 1776
928, 932
932, 928
2163, 932
932, 2163
928, 933
933, 928
2164, 933
933, 2164
891, 934
891, 935
891, 936
891, 937
2, 938
938, 2
938, 939
938, 940
940, 941
941, 940
940, 942
942, 940
942, 943
190, 944
944, 190
1841, 944
944, 1841
190, 945
945, 190
1750, 945
945, 1750
190, 946
946, 190
1815, 946
946, 1815
942, 947
947, 948
948, 947
1766, 948
948, 1766
947, 949
949, 947
1841, 949
949, 1841
947, 950
950, 947
1750, 950
950, 1750
942, 951
940, 952
952, 940
952, 953
190, 954
954, 190
1994, 954
954, 1994
190, 955
955, 190
1817, 955
955, 1817
952, 956
956, 957
957, 956
1818, 957
957, 1818
952, 958
947, 959
959, 947
1750, 959
959, 1750
947, 960
960, 947
1766, 960
960, 1766
952, 961
940, 962
962, 940
962, 963
190, 964
964, 190
1750, 964
964, 1750
190, 965
965, 190
1841, 965
965, 1841
962, 966
947, 967
967, 947
2202, 967
967, 2202
947, 968
968, 947
1784, 968
968, 1784
947, 969
969, 947
1786, 969
969, 1786
962, 970
940, 971
971, 940
971, 972
190, 973
973, 190
2204, 973
973, 2204
190, 974
974, 190
2206, 974
974, 2206
971, 975
947, 976
976, 947
2208, 976
976, 2208
971, 977
938, 978
978, 979
979, 978
2166, 979
979, 2166
938, 980
980, 981
981, 980
2167, 981
981, 2167
980, 982
982, 980
2168, 982
982, 2168
938, 983
983, 984
984, 983
2168, 984
984, 2168
983, 985
985, 983
983, 986
986, 983
1778, 986
986, 1778
983, 987
987, 983
1779, 987
987, 1779
983, 988
988, 983
1934, 988
988, 1934
983, 989
989, 983
1751, 989
989, 1751
938, 990
990, 991
991, 990
1780, 991
991, 1780
990, 992
992, 990
1778, 992
992, 1778
990, 993
993, 990
1779, 993
993, 1779
990, 994
994, 990
1787, 994
994, 1787
990, 995
995, 990
1835, 995
995, 1835
938, 996
996, 997
997, 996
990, 997
997, 990
996, 998
998, 996
1949, 998
998, 1949
996, 999
999, 996
2168, 999
999, 2168
996, 1000
1000, 996
1787, 1000
1000, 1787
996, 1001
1001, 996
2160, 1001
1001, 2160
938, 1002
1002, 1003
1003, 1002
1926, 1003
1003, 1926
938, 1004
1004, 1005
1005, 1004
1928, 1005
1005, 1928
938, 1006
1006, 1007
1007, 1006
1949, 1007
1007, 1949
938, 1008
938, 1009
1009, 1010
1010, 1009
1900, 1010
1010, 1900
938, 1011
1011, 1012
1012, 1011
1900, 1012
1012, 1900
938, 1013
1013, 1014
1014, 1013
1900, 1014
1014, 1900
938, 1015
938, 1016
938, 1017
938, 1018
938, 1019
938, 1020
938, 1021
1021, 1022
1022, 1021
1021, 1022
1022, 1021
938, 1023
1023, 1024
1024, 1023
1021, 1024
1024, 1021
1023, 1025
1025, 1023
1039, 1025
1025, 1039
1023, 1026
1026, 1023
2029, 1026
1026, 2029
1023, 1027
1027, 1023
1761, 1027
1027, 1761
1023, 1028
1028, 1023
1926, 1028
1028, 1926
1023, 1029
1029, 1023
1788, 1029
1029, 1788
1023, 1030
1030, 1023
1929, 1030
1030, 1929
1023, 1031
1031, 1023
1751, 1031
1031, 1751
1023, 1032
1032, 1023
1993, 1032
1032, 1993
1023, 1033
1033, 1023
1930, 1033
1033, 1930
938, 1034
938, 1035
1015, 1036
1036, 1015
1900, 1036
1036, 1900
938, 1037
1016, 1038
1038, 1016
1900, 1038
1038, 1900
938, 1039
1039, 1040
1040, 1039
1039, 1040
1040, 1039
938, 1041
938, 1042
1042, 1043
1043, 1042
1795, 1043
1043, 1795
1042, 1044
1044, 1042
2175, 1044
1044, 2175
938, 1045
1045, 1046
1046, 1045
2057, 1046
1046, 2057
1045, 1047
1047, 1045
2081, 1047
1047, 2081
1045, 1048
1048, 1045
2064, 1048
1048, 2064
1045, 1049
1049, 1045
1776, 1049
1049, 1776
1045, 1050
1050, 1045
2057, 1050
1050, 2057
1045, 1051
1051, 1045
1863, 1051
1051, 1863
938, 1052
1052, 1053
1053, 1052
2075, 1053
1053, 2075
1052, 1054
1054, 1052
2057, 1054
1054, 2057
1052, 1055
1055, 1052
2081, 1055
1055, 2081
1052, 1056
1056, 1052
2064, 1056
1056, 2064
1052, 1057
1057, 1052
1776, 1057
1057, 1776
1052, 1058
1058, 1052
2057, 1058
1058, 2057
1052, 1059
1059, 1052
1776, 1059
1059, 1776
1052, 1060
1060, 1052
2081, 1060
1060, 2081
1052, 1061
1061, 1052
2057, 1061
1061, 2057
938, 1062
1062, 1063
1063, 1062
2070, 1063
1063, 2070
938, 1064
1064, 1065
1065, 1064
1780, 1065
1065, 1780
1064, 1066
1066, 1064
1776, 1066
1066, 1776
1064, 1067
1067, 1064
2057, 1067
1067, 2057
1064, 1068
1068, 1064
1776, 1068
1068, 1776
1064, 1069
1069, 1064
2083, 1069
1069, 2083
1064, 1070
1070, 1064
1776, 1070
1070, 1776
938, 1071
1071, 1072
1072, 1071
1781, 1072
1072, 1781
938, 1073
1073, 1074
1074, 1073
1868, 1074
1074, 1868
1073, 1075
1075, 1073
1777, 1075
1075, 1777
938, 1076
1076, 1077
1077, 1076
2048, 1077
1077, 2048
1076, 1078
1078, 1076
2049, 1078
1078, 2049
1076, 1079
1079, 1076
2050, 1079
1079, 2050
938, 1080
1080, 1081
1081, 1080
1751, 1081
1081, 1751
1080, 1082
1082, 1080
1787, 1082
1082, 1787
1080, 1083
1083, 1080
1788, 1083
1083, 1788
1080, 1084
1084, 1080
1788, 1084
1084, 1788
1080, 1085
1085, 1080
2042, 1085
1085, 2042
1080, 1086
1086, 1080
1787, 1086
1086, 1787
938, 1087
604, 1088
1088, 604
2070, 1088
1088, 2070
938, 1089
606, 1090
1090, 606
1776, 1090
1090, 1776
938, 1091
608, 1092
1092, 608
1992, 1092
1092, 1992
938, 1093
1093, 1094
1093, 1095
533, 1096
1096, 533
2059, 1096
1096, 2059
533, 1097
1097, 533
2059, 1097
1097, 2059
938, 1098
1098, 1099
1098, 1100
1100, 1101
1101, 1100
2059, 1101
1101, 2059
1098, 1102
533, 1103
1103, 533
2059, 1103
1103, 2059
938, 1104
1104, 1105
1105, 1104
1100, 1105
1105, 1100
938, 1106
938, 1107
938, 1108
938, 1109
1109, 1110
1110, 1109
1108, 1110
1110, 1108
1109, 1111
1111, 1109
1750, 1111
1111, 1750
1109, 1112
1112, 1109
1937, 1112
1112, 1937
1109, 1113
1113, 1109
2081, 1113
1113, 2081
1109, 1114
1114, 1109
2075, 1114
1114, 2075
1109, 1115
1115, 1109
1776, 1115
1115, 1776
938, 1116
1116, 1117
1117, 1116
2057, 1117
1117, 2057
938, 1118
938, 1119
938, 1120
1120, 1121
1121, 1120
1770, 1121
1121, 1770
1120, 1122
1122, 1120
1913, 1122
1122, 1913
1120, 1123
1123, 1120
1787, 1123
1123, 1787
1120, 1124
1124, 1120
1779, 1124
1124, 1779
1120, 1125
1125, 1120
1782, 1125
1125, 1782
1120, 1126
1126, 1120
1800, 1126
1126, 1800
1120, 1127
1127, 1120
2195, 1127
1127, 2195
1120, 1128
1128, 1120
1783, 1128
1128, 1783
938, 1129
1129, 1130
1130, 1129
1120, 1130
1130, 1120
1129, 1131
1131, 1129
1929, 1131
1131, 1929
1129, 1132
1132, 1129
1751, 1132
1132, 1751
1129, 1133
1133, 1129
2032, 1133
1133, 2032
1129, 1134
1134, 1129
1746, 1134
1134, 1746
938, 1135
1135, 1136
1136, 1135
1837, 1136
1136, 1837
1135, 1137
1137, 1135
2198, 1137
1137, 2198
1135, 1138
1138, 1135
1787, 1138
1138, 1787
938, 1139
1139, 1140
1139, 1141
1141, 1142
1142, 1141
1825, 1142
1142, 1825
1141, 1143
1143, 1141
1770, 1143
1143, 1770
1141, 1144
1144, 1141
1827, 1144
1144, 1827
1141, 1145
1145, 1141
1828, 1145
1145, 1828
1141, 1146
1146, 1141
1758, 1146
1146, 1758
1139, 1147
533, 1148
1148, 533
1141, 1148
1148, 1141
938, 1149
1149, 1150
190, 1151
1151, 190
2211, 1151
1151, 2211
1149, 1152
618, 1153
1153, 618
2211, 1153
1153, 2211
618, 1154
1154, 618
1863, 1154
1154, 1863
1149, 1155
1155, 1156
1156, 1155
2215, 1156
1156, 2215
1149, 1157
938, 1158
938, 1159
1159, 1160
1160, 1159
1819, 1160
1160, 1819
938, 1161
1161, 1162
1162, 1161
1819, 1162
1162, 1819
1161, 1163
1163, 1161
1787, 1163
1163, 1787
1161, 1164
1164, 1161
1768, 1164
1164, 1768
938, 1165
938, 1166
1166, 1167
1167, 1166
1795, 1167
1167, 1795
1166, 1168
1168, 1166
1815, 1168
1168, 1815
1166, 1169
1169, 1166
1770, 1169
1169, 1770
1166, 1170
1170, 1166
2175, 1170
1170, 2175
938, 1171
1171, 1172
1172, 1171
1795, 1172
1172, 1795
1171, 1173
1173, 1171
1815, 1173
1173, 1815
1171, 1174
1174, 1171
1770, 1174
1174, 1770
1171, 1175
1175, 1171
2175, 1175
1175, 2175
938, 1176
1176, 1177
1177, 1176
1949, 1177
1177, 1949
1176, 1178
1178, 1176
1928, 1178
1178, 1928
1176, 1179
1179, 1176
1790, 1179
1179, 1790
938, 1180
1180, 1181
1181, 1180
1180, 1181
1181, 1180
938, 1182
1182, 1183
1183, 1182
1180, 1183
1183, 1180
938, 1184
1184, 1185
1185, 1184
1182, 1185
1185, 1182
1184, 1186
1186, 1184
1787, 1186
1186, 1787
1184, 1187
1187, 1184
1780, 1187
1187, 1780
1184, 1188
1188, 1184
1788, 1188
1188, 1788
1184, 1189
1189, 1184
2218, 1189
1189, 2218
1184, 1190
1190, 1184
2185, 1190
1190, 2185
1184, 1191
1191, 1184
1767, 1191
1191, 1767
938, 1192
1192, 1193
1193, 1192
1184, 1193
1193, 1184
1192, 1194
1194, 1192
1815, 1194
1194, 1815
1192, 1195
1195, 1192
1788, 1195
1195, 1788
1192, 1196
1196, 1192
1787, 1196
1196, 1787
1192, 1197
1197, 1192
1835, 1197
1197, 1835
1192, 1198
1198, 1192
1791, 1198
1198, 1791
1192, 1199
1199, 1192
1759, 1199
1199, 1759
1192, 1200
1200, 1192
1805, 1200
1200, 1805
1192, 1201
1201, 1192
1871, 1201
1201, 1871
938, 1202
1202, 1203
1203, 1202
1760, 1203
1203, 1760
1202, 1204
1204, 1202
1901, 1204
1204, 1901
1202, 1205
1205, 1202
1902, 1205
1205, 1902
1202, 1206
1206, 1202
1770, 1206
1206, 1770
938, 1207
938, 1208
1208, 1209
1209, 1208
1776, 1209
1209, 1776
1208, 1210
1210, 1208
2064, 1210
1210, 2064
938, 1211
1211, 1212
1212, 1211
1868, 1212
1212, 1868
1211, 1213
1213, 1211
1777, 1213
1213, 1777
938, 1214
1214, 1215
1215, 1214
1211, 1215
1215, 1211
1214, 1216
1216, 1214
1788, 1216
1216, 1788
938, 1217
1217, 1218
1218, 1217
1211, 1218
1218, 1211
1217, 1219
1219, 1217
1788, 1219
1219, 1788
938, 1220
1220, 1221
1221, 1220
1745, 1221
1221, 1745
1220, 1222
1222, 1220
1780, 1222
1222, 1780
1220, 1223
1223, 1220
1787, 1223
1223, 1787
938, 1224
938, 1225
1225, 1226
1226, 1225
1751, 1226
1226, 1751
1225, 1227
1227, 1225
1787, 1227
1227, 1787
1225, 1228
1228, 1225
2186, 1228
1228, 2186
1225, 1229
1229, 1225
1913, 1229
1229, 1913
1225, 1230
1230, 1225
2198, 1230
1230, 2198
1225, 1231
1231, 1225
1835, 1231
1231, 1835
938, 1232
1232, 1233
190, 1234
1234, 190
2075, 1234
1234, 2075
1232, 1235
1232, 1236
625, 1237
1237, 625
1938, 1237
1237, 1938
625, 1238
1238, 625
1863, 1238
1238, 1863
938, 1239
928, 1240
1240, 928
1949, 1240
1240, 1949
928, 1241
1241, 928
1938, 1241
1241, 1938
928, 1242
1242, 928
1776, 1242
1242, 1776
928, 1243
1243, 928
2163, 1243
1243, 2163
928, 1244
1244, 928
2164, 1244
1244, 2164
938, 1245
1245, 1246
1246, 1245
1928, 1246
1246, 1928
938, 1247
938, 1248
1248, 1249
1249, 1248
1247, 1249
1249, 1247
1248, 1250
1250, 1248
1928, 1250
1250, 1928
938, 1251
1251, 1252
1252, 1251
1928, 1252
1252, 1928
1251, 1253
1253, 1251
2227, 1253
1253, 2227
1251, 1254
1254, 1251
1770, 1254
1254, 1770
938, 1255
1255, 1256
1256, 1255
1928, 1256
1256, 1928
1255, 1257
1257, 1255
2075, 1257
1257, 2075
1255, 1258
1258, 1255
1938, 1258
1258, 1938
1255, 1259
1259, 1255
2227, 1259
1259, 2227
1255, 1260
1260, 1255
1770, 1260
1260, 1770
938, 1261
1261, 1262
1262, 1261
1928, 1262
1262, 1928
1261, 1263
1263, 1261
1770, 1263
1263, 1770
1261, 1264
1264, 1261
1763, 1264
1264, 1763
938, 1265
1265, 1266
1266, 1265
1750, 1266
1266, 1750
1265, 1267
1267, 1265
1750, 1267
1267, 1750
1265, 1268
1268, 1265
1938, 1268
1268, 1938
938, 1269
1269, 1270
1270, 1269
1928, 1270
1270, 1928
938, 1271
938, 1272
602, 1273
1273, 602
2068, 1273
1273, 2068
938, 1274
894, 1275
1275, 894
1776, 1275
1275, 1776
938, 1276
1276, 1277
1277, 1276
2057, 1277
1277, 2057
1276, 1278
1278, 1276
2081, 1278
1278, 2081
938, 1279
599, 1280
1280, 599
2018, 1280
1280, 2018
599, 1281
1281, 599
1958, 1281
1281, 1958
938, 1282
938, 1283
1283, 1284
1284, 1283
1825, 1284
1284, 1825
1283, 1285
1285, 1283
2018, 1285
1285, 2018
1283, 1286
1286, 1283
2230, 1286
1286, 2230
938, 1287
1287, 1288
1288, 1287
1933, 1288
1288, 1933
938, 1289
1289, 1290
1290, 1289
2057, 1290
1290, 2057
1289, 1291
1291, 1289
2002, 1291
1291, 2002
1289, 1292
1292, 1289
1842, 1292
1292, 1842
1289, 1293
1293, 1289
1992, 1293
1293, 1992
938, 1294
1294, 1295
1295, 1294
2057, 1295
1295, 2057
1294, 1296
1296, 1294
1825, 1296
1296, 1825
1294, 1297
1297, 1294
2002, 1297
1297, 2002
1294, 1298
1298, 1294
1842, 1298
1298, 1842
1294, 1299
1299, 1294
1992, 1299
1299, 1992
2, 1300
1300, 2
1300, 1301
190, 1302
1302, 190
1306, 1302
1302, 1306
190, 1303
1303, 190
1307, 1303
1303, 1307
190, 1304
1304, 190
2142, 1304
1304, 2142
190, 1305
1305, 190
2004, 1305
1305, 2004
1300, 1306
1300, 1307
1300, 1308
1283, 1309
1309, 1283
928, 1309
1309, 928
1283, 1310
1310, 1283
2018, 1310
1310, 2018
1283, 1311
1311, 1283
2230, 1311
1311, 2230
3, 1312
1312, 3
1312, 1313
1211, 1314
1314, 1211
1978, 1314
1314, 1978
1211, 1315
1315, 1211
1766, 1315
1315, 1766
1312, 1316
1312, 1317
1317, 1318
1318, 1317
1903, 1318
1318, 1903
1317, 1319
1319, 1317
1784, 1319
1319, 1784
1317, 1320
1320, 1317
1871, 1320
1320, 1871
1317, 1321
1321, 1317
1867, 1321
1321, 1867
1317, 1322
1322, 1317
1792, 1322
1322, 1792
1312, 1323
1323, 1324
1324, 1323
1877, 1324
1324, 1877
1323, 1325
1325, 1323
1868, 1325
1325, 1868
1323, 1326
1326, 1323
1903, 1326
1326, 1903
1323, 1327
1327, 1323
1867, 1327
1327, 1867
1323, 1328
1328, 1323
1888, 1328
1328, 1888
1323, 1329
1329, 1323
1748, 1329
1329, 1748
1312, 1330
1330, 1331
1331, 1330
1793, 1331
1331, 1793
1330, 1332
1332, 1330
1767, 1332
1332, 1767
1312, 1333
1333, 1334
1334, 1333
1769, 1334
1334, 1769
1333, 1335
1335, 1333
1760, 1335
1335, 1760
1333, 1336
1336, 1333
1752, 1336
1336, 1752
1333, 1337
1337, 1333
1749, 1337
1337, 1749
1333, 1338
1338, 1333
1758, 1338
1338, 1758
1333, 1339
1339, 1333
1745, 1339
1339, 1745
1312, 1340
1340, 1341
1341, 1340
1211, 1341
1341, 1211
1340, 1342
1342, 1340
1323, 1342
1342, 1323
1340, 1343
1343, 1340
1330, 1343
1343, 1330
1340, 1344
1344, 1340
1333, 1344
1344, 1333
1340, 1345
1345, 1340
1316, 1345
1345, 1316
1340, 1346
1346, 1340
1333, 1346
1346, 1333
1340, 1347
1347, 1340
2142, 1347
1347, 2142
1340, 1348
1348, 1340
2004, 1348
1348, 2004
1340, 1349
1349, 1340
2005, 1349
1349, 2005
1340, 1350
1350, 1340
1846, 1350
1350, 1846
1340, 1351
1351, 1340
1992, 1351
1351, 1992
1340, 1352
1352, 1340
1776, 1352
1352, 1776
1340, 1353
1353, 1340
1841, 1353
1353, 1841
1340, 1354
1354, 1340
1750, 1354
1354, 1750
1340, 1355
1355, 1340
1863, 1355
1355, 1863
1340, 1356
1356, 1340
1855, 1356
1356, 1855
1340, 1357
1357, 1340
1868, 1357
1357, 1868
1340, 1358
1358, 1340
1871, 1358
1358, 1871
1340, 1359
1359, 1340
1877, 1359
1359, 1877
1340, 1360
1360, 1340
1780, 1360
1360, 1780
1340, 1361
1361, 1340
2012, 1361
1361, 2012
1340, 1362
1362, 1340
1745, 1362
1362, 1745
1340, 1363
1363, 1340
1777, 1363
1363, 1777
1340, 1364
1364, 1340
2243, 1364
1364, 2243
1340, 1365
1365, 1340
1746, 1365
1365, 1746
1340, 1366
1366, 1340
1835, 1366
1366, 1835
1340, 1367
1367, 1340
1815, 1367
1367, 1815
1340, 1368
1368, 1340
1771, 1368
1368, 1771
3, 1369
1369, 3
1369, 1370
1370, 1371
1371, 1370
1333, 1371
1371, 1333
1370, 1372
1372, 1370
1316, 1372
1372, 1316
1370, 1373
1373, 1370
463, 1373
1373, 463
1370, 1374
1374, 1370
1333, 1374
1374, 1333
1370, 1375
1375, 1370
1851, 1375
1375, 1851
1370, 1376
1376, 1370
2142, 1376
1376, 2142
1370, 1377
1377, 1370
2004, 1377
1377, 2004
1370, 1378
1378, 1370
2005, 1378
1378, 2005
1370, 1379
1379, 1370
1846, 1379
1379, 1846
1370, 1380
1380, 1370
1992, 1380
1380, 1992
1370, 1381
1381, 1370
1978, 1381
1381, 1978
1370, 1382
1382, 1370
1978, 1382
1382, 1978
1370, 1383
1383, 1370
1867, 1383
1383, 1867
1370, 1384
1384, 1370
1868, 1384
1384, 1868
1370, 1385
1385, 1370
1746, 1385
1385, 1746
1370, 1386
1386, 1370
1835, 1386
1386, 1835
1370, 1387
1387, 1370
1815, 1387
1387, 1815
1370, 1388
1388, 1370
1771, 1388
1388, 1771
1369, 1389
1211, 1390
1390, 1211
1978, 1390
1390, 1978
1211, 1391
1391, 1211
1766, 1391
1391, 1766
1369, 1392
1369, 1393
1333, 1394
1394, 1333
1769, 1394
1394, 1769
1333, 1395
1395, 1333
1760, 1395
1395, 1760
1333, 1396
1396, 1333
1752, 1396
1396, 1752
1333, 1397
1397, 1333
1749, 1397
1397, 1749
1333, 1398
1398, 1333
1758, 1398
1398, 1758
1333, 1399
1399, 1333
1745, 1399
1399, 1745
3, 1400
1400, 3
1400, 1401
1401, 1402
1402, 1401
208, 1402
1402, 208
1401, 1403
1403, 1401
1851, 1403
1403, 1851
1401, 1404
1404, 1401
1744, 1404
1404, 1744
1401, 1405
1405, 1401
1808, 1405
1405, 1808
1401, 1406
1406, 1401
1814, 1406
1406, 1814
1401, 1407
1407, 1401
1821, 1407
1407, 1821
1401, 1408
1408, 1401
2231, 1408
1408, 2231
1400, 1409
1400, 1410
104, 1411
1411, 104
1746, 1411
1411, 1746
104, 1412
1412, 104
2018, 1412
1412, 2018
1400, 1413
106, 1414
1414, 106
103, 1414
1414, 103
106, 1415
1415, 106
1747, 1415
1415, 1747
106, 1416
1416, 106
1746, 1416
1416, 1746
1400, 1417
110, 1418
1418, 110
172, 1418
1418, 172
110, 1419
1419, 110
1746, 1419
1419, 1746
1400, 1420
113, 1421
1421, 113
110, 1421
1421, 110
113, 1422
1422, 113
1333, 1422
1422, 1333
113, 1423
1423, 113
1648, 1423
1423, 1648
113, 1424
1424, 113
1748, 1424
1424, 1748
113, 1425
1425, 113
1747, 1425
1425, 1747
113, 1426
1426, 113
1749, 1426
1426, 1749
113, 1427
1427, 113
1746, 1427
1427, 1746
1400, 1428
121, 1429
1429, 121
113, 1429
1429, 113
121, 1430
1430, 121
1333, 1430
1430, 1333
121, 1431
1431, 121
1835, 1431
1431, 1835
121, 1432
1432, 121
1746, 1432
1432, 1746
121, 1433
1433, 121
1835, 1433
1433, 1835
121, 1434
1434, 121
1863, 1434
1434, 1863
121, 1435
1435, 121
1841, 1435
1435, 1841
121, 1436
1436, 121
1853, 1436
1436, 1853
121, 1437
1437, 121
1752, 1437
1437, 1752
1400, 1438
146, 1439
1439, 146
106, 1439
1439, 106
146, 1440
1440, 146
1674, 1440
1440, 1674
146, 1441
1441, 146
498, 1441
1441, 498
146, 1442
1442, 146
2043, 1442
1442, 2043
1400, 1443
159, 1444
1444, 159
1754, 1444
1444, 1754
159, 1445
1445, 159
1746, 1445
1445, 1746
159, 1446
1446, 159
1748, 1446
1446, 1748
159, 1447
1447, 159
1755, 1447
1447, 1755
159, 1448
1448, 159
1753, 1448
1448, 1753
159, 1449
1449, 159
1814, 1449
1449, 1814
159, 1450
1450, 159
1756, 1450
1450, 1756
159, 1451
1451, 159
1757, 1451
1451, 1757
159, 1452
1452, 159
1758, 1452
1452, 1758
159, 1453
1453, 159
1759, 1453
1453, 1759
159, 1454
1454, 159
1749, 1454
1454, 1749
1400, 1455
172, 1456
1456, 172
159, 1456
1456, 159
172, 1457
1457, 172
1650, 1457
1457, 1650
172, 1458
1458, 172
1747, 1458
1458, 1747
172, 1459
1459, 172
1760, 1459
1459, 1760
172, 1460
1460, 172
1940, 1460
1460, 1940
172, 1461
1461, 172
1746, 1461
1461, 1746
172, 1462
1462, 172
1761, 1462
1462, 1761
172, 1463
1463, 172
1814, 1463
1463, 1814
172, 1464
1464, 172
1942, 1464
1464, 1942
172, 1465
1465, 172
1762, 1465
1465, 1762
172, 1466
1466, 172
1763, 1466
1466, 1763
172, 1467
1467, 172
1764, 1467
1467, 1764
172, 1468
1468, 172
1765, 1468
1468, 1765
1400, 1469
1469, 1470
1470, 1469
113, 1470
1470, 113
1469, 1471
1471, 1469
1333, 1471
1471, 1333
1469, 1472
1472, 1469
1825, 1472
1472, 1825
1469, 1473
1473, 1469
1752, 1473
1473, 1752
1469, 1474
1474, 1469
1853, 1474
1474, 1853
1400, 1475
1475, 1476
1476, 1475
113, 1476
1476, 113
1400, 1477
208, 1478
1478, 208
146, 1478
1478, 146
208, 1479
1479, 208
121, 1479
1479, 121
208, 1480
1480, 208
1469, 1480
1480, 1469
208, 1481
1481, 208
113, 1481
1481, 113
208, 1482
1482, 208
463, 1482
1482, 463
208, 1483
1483, 208
300, 1483
1483, 300
208, 1484
1484, 208
352, 1484
1484, 352
208, 1485
1485, 208
326, 1485
1485, 326
208, 1486
1486, 208
345, 1486
1486, 345
208, 1487
1487, 208
338, 1487
1487, 338
208, 1488
1488, 208
432, 1488
1488, 432
208, 1489
1489, 208
1867, 1489
1489, 1867
208, 1490
1490, 208
1868, 1490
1490, 1868
208, 1491
1491, 208
1805, 1491
1491, 1805
208, 1492
1492, 208
1759, 1492
1492, 1759
208, 1493
1493, 208
1770, 1493
1493, 1770
208, 1494
1494, 208
1748, 1494
1494, 1748
208, 1495
1495, 208
1751, 1495
1495, 1751
208, 1496
1496, 208
1988, 1496
1496, 1988
208, 1497
1497, 208
1988, 1497
1497, 1988
208, 1498
1498, 208
1776, 1498
1498, 1776
208, 1499
1499, 208
1815, 1499
1499, 1815
208, 1500
1500, 208
1842, 1500
1500, 1842
208, 1501
1501, 208
1843, 1501
1501, 1843
208, 1502
1502, 208
1992, 1502
1502, 1992
208, 1503
1503, 208
1994, 1503
1503, 1994
208, 1504
1504, 208
2064, 1504
1504, 2064
208, 1505
1505, 208
1825, 1505
1505, 1825
208, 1506
1506, 208
1752, 1506
1506, 1752
208, 1507
1507, 208
1746, 1507
1507, 1746
208, 1508
1508, 208
1835, 1508
1508, 1835
208, 1509
1509, 208
1974, 1509
1509, 1974
208, 1510
1510, 208
1853, 1510
1510, 1853
208, 1511
1511, 208
1795, 1511
1511, 1795
208, 1512
1512, 208
1771, 1512
1512, 1771
208, 1513
1513, 208
1993, 1513
1513, 1993
208, 1514
1514, 208
2014, 1514
1514, 2014
208, 1515
1515, 208
1949, 1515
1515, 1949
208, 1516
1516, 208
1839, 1516
1516, 1839
208, 1517
1517, 208
1839, 1517
1517, 1839
208, 1518
1518, 208
1780, 1518
1518, 1780
208, 1519
1519, 208
1871, 1519
1519, 1871
208, 1520
1520, 208
1747, 1520
1520, 1747
3, 1521
1521, 3
1521, 1522
1522, 1523
1522, 1524
533, 1525
1525, 533
1521, 1526
1526, 1527
1526, 1528
1528, 1529
1529, 1528
1583, 1529
1529, 1583
1528, 1530
1530, 1528
1546, 1530
1530, 1546
1528, 1531
1531, 1528
1553, 1531
1531, 1553
1528, 1532
1532, 1528
1560, 1532
1532, 1560
1528, 1533
1533, 1528
1564, 1533
1533, 1564
1528, 1534
1534, 1528
1566, 1534
1534, 1566
1528, 1535
1535, 1528
1570, 1535
1535, 1570
1528, 1536
1536, 1528
1782, 1536
1536, 1782
1528, 1537
1537, 1528
1794, 1537
1537, 1794
1528, 1538
1538, 1528
1759, 1538
1538, 1759
1528, 1539
1539, 1528
1795, 1539
1539, 1795
1528, 1540
1540, 1528
1748, 1540
1540, 1748
1528, 1541
1541, 1528
1801, 1541
1541, 1801
1528, 1542
1542, 1528
1783, 1542
1542, 1783
1526, 1543
570, 1544
1544, 570
1528, 1544
1544, 1528
570, 1545
1545, 570
1770, 1545
1545, 1770
1521, 1546
1546, 1547
1547, 1546
1904, 1547
1547, 1904
1546, 1548
1548, 1546
1801, 1548
1548, 1801
1546, 1549
1549, 1546
1769, 1549
1549, 1769
1546, 1550
1550, 1546
1754, 1550
1550, 1754
1546, 1551
1551, 1546
1758, 1551
1551, 1758
1546, 1552
1552, 1546
1766, 1552
1552, 1766
1521, 1553
1553, 1554
1554, 1553
1583, 1554
1554, 1583
1553, 1555
1555, 1553
1787, 1555
1555, 1787
1553, 1556
1556, 1553
1780, 1556
1556, 1780
1553, 1557
1557, 1553
2051, 1557
1557, 2051
1553, 1558
1558, 1553
2052, 1558
1558, 2052
1553, 1559
1559, 1553
1783, 1559
1559, 1783
1521, 1560
1560, 1561
1561, 1560
1780, 1561
1561, 1780
1560, 1562
1562, 1560
1787, 1562
1562, 1787
1560, 1563
1563, 1560
1796, 1563
1563, 1796
1521, 1564
1564, 1565
1565, 1564
1748, 1565
1565, 1748
1521, 1566
1566, 1567
1567, 1566
1780, 1567
1567, 1780
1566, 1568
1568, 1566
1787, 1568
1568, 1787
1566, 1569
1569, 1566
1797, 1569
1569, 1797
1521, 1570
1570, 1571
1571, 1570
1904, 1571
1571, 1904
1570, 1572
1572, 1570
1769, 1572
1572, 1769
1570, 1573
1573, 1570
1754, 1573
1573, 1754
1570, 1574
1574, 1570
1907, 1574
1574, 1907
1570, 1575
1575, 1570
1758, 1575
1575, 1758
1570, 1576
1576, 1570
1766, 1576
1576, 1766
1570, 1577
1577, 1570
1797, 1577
1577, 1797
1570, 1578
1578, 1570
1745, 1578
1578, 1745
1570, 1579
1579, 1570
2052, 1579
1579, 2052
1570, 1580
1580, 1570
2051, 1580
1580, 2051
1570, 1581
1581, 1570
1767, 1581
1581, 1767
1570, 1582
1582, 1570
1746, 1582
1582, 1746
1521, 1583
1583, 1584
1584, 1583
1583, 1584
1584, 1583
1583, 1585
1585, 1583
1783, 1585
1585, 1783
1583, 1586
1586, 1583
1797, 1586
1586, 1797
1583, 1587
1587, 1583
1782, 1587
1587, 1782
1583, 1588
1588, 1583
1766, 1588
1588, 1766
1583, 1589
1589, 1583
1835, 1589
1589, 1835
1583, 1590
1590, 1583
1798, 1590
1590, 1798
1583, 1591
1591, 1583
1799, 1591
1591, 1799
1583, 1592
1592, 1583
1788, 1592
1592, 1788
1583, 1593
1593, 1583
1835, 1593
1593, 1835
1583, 1594
1594, 1583
1757, 1594
1594, 1757
1583, 1595
1595, 1583
1800, 1595
1595, 1800
1583, 1596
1596, 1583
1746, 1596
1596, 1746
1583, 1597
1597, 1583
1796, 1597
1597, 1796
3, 1598
1598, 3
1598, 1599
1599, 1600
1600, 1599
2028, 1600
1600, 2028
1599, 1601
1601, 1599
1744, 1601
1601, 1744
1599, 1602
1602, 1599
1808, 1602
1602, 1808
1599, 1603
1603, 1599
1978, 1603
1603, 1978
1599, 1604
1604, 1599
1766, 1604
1604, 1766
1599, 1605
1605, 1599
1898, 1605
1605, 1898
1599, 1606
1606, 1599
1770, 1606
1606, 1770
1599, 1607
1607, 1599
1772, 1607
1607, 1772
1598, 1608
498, 1609
1609, 498
2035, 1609
1609, 2035
1598, 1610
159, 1611
1611, 159
1754, 1611
1611, 1754
159, 1612
1612, 159
1746, 1612
1612, 1746
159, 1613
1613, 159
1766, 1613
1613, 1766
159, 1614
1614, 159
1748, 1614
1614, 1748
159, 1615
1615, 159
1755, 1615
1615, 1755
159, 1616
1616, 159
1753, 1616
1616, 1753
159, 1617
1617, 159
1814, 1617
1617, 1814
159, 1618
1618, 159
1756, 1618
1618, 1756
159, 1619
1619, 159
1757, 1619
1619, 1757
159, 1620
1620, 159
1758, 1620
1620, 1758
159, 1621
1621, 159
1759, 1621
1621, 1759
159, 1622
1622, 159
1749, 1622
1622, 1749
1598, 1623
1598, 1624
104, 1625
1625, 104
1746, 1625
1625, 1746
104, 1626
1626, 104
2018, 1626
1626, 2018
1598, 1627
106, 1628
1628, 106
103, 1628
1628, 103
106, 1629
1629, 106
1747, 1629
1629, 1747
106, 1630
1630, 106
1746, 1630
1630, 1746
1598, 1631
1631, 1632
1632, 1631
1801, 1632
1632, 1801
1631, 1633
1633, 1631
1752, 1633
1633, 1752
1598, 1634
1634, 1635
1635, 1634
1748, 1635
1635, 1748
1598, 1636
1636, 1637
1637, 1636
1748, 1637
1637, 1748
1636, 1638
1638, 1636
1801, 1638
1638, 1801
1636, 1639
1639, 1636
1815, 1639
1639, 1815
1598, 1640
1333, 1641
1641, 1333
1636, 1641
1641, 1636
1333, 1642
1642, 1333
1769, 1642
1642, 1769
1333, 1643
1643, 1333
1760, 1643
1643, 1760
1333, 1644
1644, 1333
1752, 1644
1644, 1752
1333, 1645
1645, 1333
1749, 1645
1645, 1749
1333, 1646
1646, 1333
1758, 1646
1646, 1758
1333, 1647
1647, 1333
1745, 1647
1647, 1745
1598, 1648
1648, 1649
1649, 1648
1752, 1649
1649, 1752
1598, 1650
1650, 1651
1651, 1650
1758, 1651
1651, 1758
1650, 1652
1652, 1650
1802, 1652
1652, 1802
1650, 1653
1653, 1650
1746, 1653
1653, 1746
1650, 1654
1654, 1650
1803, 1654
1654, 1803
1650, 1655
1655, 1650
1760, 1655
1655, 1760
1650, 1656
1656, 1650
1940, 1656
1656, 1940
1650, 1657
1657, 1650
1761, 1657
1657, 1761
1650, 1658
1658, 1650
1814, 1658
1658, 1814
1650, 1659
1659, 1650
1760, 1659
1659, 1760
1650, 1660
1660, 1650
1894, 1660
1660, 1894
1650, 1661
1661, 1650
1766, 1661
1661, 1766
1650, 1662
1662, 1650
2252, 1662
1662, 2252
1650, 1663
1663, 1650
1804, 1663
1663, 1804
1650, 1664
1664, 1650
1759, 1664
1664, 1759
1650, 1665
1665, 1650
1805, 1665
1665, 1805
1650, 1666
1666, 1650
1749, 1666
1666, 1749
1650, 1667
1667, 1650
1752, 1667
1667, 1752
1650, 1668
1668, 1650
1806, 1668
1668, 1806
1650, 1669
1669, 1650
1745, 1669
1669, 1745
1650, 1670
1670, 1650
1745, 1670
1670, 1745
1650, 1671
1671, 1650
1797, 1671
1671, 1797
1598, 1672
1672, 1673
1673, 1672
1776, 1673
1673, 1776
1598, 1674
1674, 1675
1675, 1674
1062, 1675
1675, 1062
1674, 1676
1676, 1674
1750, 1676
1676, 1750
1674, 1677
1677, 1674
2075, 1677
1677, 2075
1674, 1678
1678, 1674
1921, 1678
1678, 1921
1598, 1679
1679, 1680
1680, 1679
1928, 1680
1680, 1928
1679, 1681
1681, 1679
2081, 1681
1681, 2081
1679, 1682
1682, 1679
1921, 1682
1682, 1921
1598, 1683
1683, 1684
1684, 1683
1864, 1684
1684, 1864
1683, 1685
1685, 1683
1817, 1685
1685, 1817
1683, 1686
1686, 1683
1835, 1686
1686, 1835
1683, 1687
1687, 1683
1801, 1687
1687, 1801
1683, 1688
1688, 1683
1818, 1688
1688, 1818
1683, 1689
1689, 1683
1747, 1689
1689, 1747
1598, 1690
1690, 1691
1691, 1690
2075, 1691
1691, 2075
1690, 1692
1692, 1690
2081, 1692
1692, 2081
1690, 1693
1693, 1690
1776, 1693
1693, 1776
1598, 1694
1694, 1695
1695, 1694
1769, 1695
1695, 1769
1694, 1696
1696, 1694
1867, 1696
1696, 1867
1694, 1697
1697, 1694
1752, 1697
1697, 1752
1694, 1698
1698, 1694
1749, 1698
1698, 1749
1694, 1699
1699, 1694
1758, 1699
1699, 1758
1694, 1700
1700, 1694
1894, 1700
1700, 1894
1694, 1701
1701, 1694
1909, 1701
1701, 1909
1598, 1702
1702, 1703
1703, 1702
2259, 1703
1703, 2259
1702, 1704
1704, 1702
2260, 1704
1704, 2260
1702, 1705
1705, 1702
2262, 1705
1705, 2262
1702, 1706
1706, 1702
2263, 1706
1706, 2263
1702, 1707
1707, 1702
2264, 1707
1707, 2264
1702, 1708
1708, 1702
2265, 1708
1708, 2265
1702, 1709
1709, 1702
2266, 1709
1709, 2266
1702, 1710
1710, 1702
2267, 1710
1710, 2267
1702, 1711
1711, 1702
2268, 1711
1711, 2268
1702, 1712
1712, 1702
2269, 1712
1712, 2269
1702, 1713
1713, 1702
2270, 1713
1713, 2270
1702, 1714
1714, 1702
1845, 1714
1714, 1845
1702, 1715
1715, 1702
2010, 1715
1715, 2010
1702, 1716
1716, 1702
2271, 1716
1716, 2271
1702, 1717
1717, 1702
2273, 1717
1717, 2273
3, 1718
1718, 3
1718, 1719
1719, 1720
1720, 1719
1766, 1720
1720, 1766
1719, 1721
1721, 1719
1754, 1721
1721, 1754
1719, 1722
1722, 1719
1758, 1722
1722, 1758
1718, 1723
1723, 1724
1724, 1723
1719, 1724
1724, 1719
1723, 1725
1725, 1723
2029, 1725
1725, 2029
1718, 1726
1726, 1727
1727, 1726
2052, 1727
1727, 2052
1726, 1728
1728, 1726
1782, 1728
1728, 1782
1718, 1729
1729, 1730
190, 1731
1731, 190
1723, 1731
1731, 1723
1729, 1732
570, 1733
1733, 570
1723, 1733
1733, 1723
570, 1734
1734, 570
1726, 1734
1734, 1726
570, 1735
1735, 570
1788, 1735
1735, 1788
570, 1736
1736, 570
2033, 1736
1736, 2033
1718, 1737
1737, 1738
1738, 1737
1723, 1738
1738, 1723
1737, 1739
1739, 1737
1726, 1739
1739, 1726
1737, 1740
1740, 1737
1788, 1740
1740, 1788
1737, 1741
1741, 1737
2033, 1741
1741, 2033
3, 1742
1742, 3
4, 1743
1743, 4
1743, 1744
1743, 1745
1743, 1746
1743, 1747
1743, 1748
1743, 1749
1743, 1750
1743, 1751
1743, 1752
1743, 1753
1743, 1754
1743, 1755
1743, 1756
1743, 1757
1743, 1758
1743, 1759
1743, 1760
1743, 1761
1743, 1762
1743, 1763
1743, 1764
1743, 1765
1743, 1766
1743, 1767
1743, 1768
1743, 1769
1743, 1770
1743, 1771
1743, 1772
1743, 1773
1743, 1774
1743, 1775
1743, 1776
1743, 1777
1743, 1778
1743, 1779
1743, 1780
1743, 1781
1743, 1782
1743, 1783
1743, 1784
1743, 1785
1785, 1786
1785, 1787
1785, 1788
1785, 1789
1743, 1790
1743, 1791
1743, 1792
1743, 1793
1743, 1794
1743, 1795
1743, 1796
1743, 1797
1743, 1798
1743, 1799
1743, 1800
1743, 1801
1743, 1802
1743, 1803
1743, 1804
1743, 1805
1743, 1806
1807, 1808
1807, 1809
1807, 1810
1807, 1811
1807, 1812
7, 1813
1813, 7
1813, 1814
1813, 1815
1813, 1816
1813, 1817
1813, 1818
1813, 1819
8, 1820
1820, 8
1820, 1821
9, 1822
1822, 9
1822, 1823
10, 1824
1824, 10
1824, 1825
1824, 1826
1824, 1827
1824, 1828
11, 1829
1829, 11
1829, 1830
1829, 1831
1829, 1832
12, 1833
1833, 12
1833, 1834
1833, 1835
1833, 1836
1833, 1837
1833, 1838
1833, 1839
13, 1840
1840, 13
1840, 1841
1840, 1842
1840, 1843
1840, 1844
1840, 1845
1840, 1846
1840, 1847
1840, 1848
1840, 1849
1840, 1850
1840, 1851
15, 1852
1852, 15
1852, 1853
1852, 1854
1852, 1855
14, 1856
1856, 14
1856, 1857
1856, 1858
1859, 1860
1859, 1861
1859, 1862
1859, 1863
1859, 1864
1859, 1865
1866, 1867
1866, 1868
1866, 1869
1866, 1870
1866, 1871
1866, 1872
1866, 1873
1866, 1874
1866, 1875
1866, 1876
1866, 1877
1866, 1878
1866, 1879
1866, 1880
1866, 1881
1866, 1882
1866, 1883
1866, 1884
1866, 1885
1866, 1886
1866, 1887
1866, 1888
1866, 1889
1866, 1890
1866, 1891
1866, 1892
1866, 1893
1866, 1894
1866, 1895
1866, 1896
1866, 1897
1866, 1898
1866, 1899
1866, 1900
1866, 1901
1866, 1902
1866, 1903
1866, 1904
1866, 1905
1866, 1906
1866, 1907
1866, 1908
1866, 1909
1910, 1911
1910, 1912
1910, 1913
1910, 1914
1910, 1915
16, 1916
1916, 16
1916, 1917
1918, 1919
1918, 1920
1920, 1921
1920, 1922
1920, 1923
1920, 1924
17, 1925
1925, 17
1925, 1926
1925, 1927
1925, 1928
1925, 1929
1925, 1930
1925, 1931
1932, 1933
1932, 1934
1932, 1935
1932, 1936
1932, 1937
1932, 1938
18, 1939
1939, 18
1939, 1940
20, 1941
1941, 20
1941, 1942
19, 1943
1943, 19
1943, 1944
1943, 1945
1945, 1946
1943, 1947
21, 1948
1948, 21
1948, 1949
1950, 1951
1952, 1953
23, 1954
1954, 23
1954, 1955
1954, 1956
1956, 1957
1956, 1958
1959, 1960
1961, 1962
1961, 1963
1964, 1965
1964, 1966
25, 1967
1967, 25
1967, 1968
27, 1969
1969, 27
1969, 1970
27, 1971
1971, 27
1971, 1972
19, 1973
1973, 19
1973, 1974
1975, 1976
1975, 1977
1975, 1978
28, 1979
1979, 28
1979, 1980
27, 1981
1981, 27
1981, 1982
29, 1983
1983, 29
1983, 1984
1983, 1985
1983, 1986
20, 1987
1987, 20
1987, 1988
20, 1989
1989, 20
1989, 1990
1991, 1992
1991, 1993
1991, 1994
1991, 1995
1991, 1996
1991, 1997
1991, 1998
1991, 1999
1991, 2000
1991, 2001
1991, 2002
2003, 2004
2003, 2005
27, 2006
2006, 27
2006, 2007
32, 2008
2008, 32
2008, 2009
2008, 2010
33, 2011
2011, 33
2011, 2012
34, 2013
2013, 34
2013, 2014
2013, 2015
35, 2016
2016, 35
2016, 2017
2016, 2018
2016, 2019
20, 2020
2020, 20
2020, 2021
36, 2022
2022, 36
2022, 2023
2022, 2024
2022, 2025
2022, 2026
2027, 2028
2027, 2029
2027, 2030
2030, 2031
2030, 2032
2030, 2033
2034, 2035
2034, 2036
2034, 2037
2034, 2038
2034, 2039
2034, 2040
2034, 2041
2034, 2042
2034, 2043
37, 2044
2044, 37
2044, 2045
5, 2046
2046, 5
2046, 2047
2046, 2048
2046, 2049
2046, 2050
2046, 2051
2046, 2052
27, 2053
2053, 27
2053, 2054
38, 2055
2055, 38
2055, 2056
2055, 2057
2055, 2058
2055, 2059
2055, 2060
2055, 2061
2055, 2062
2055, 2063
2055, 2064
40, 2065
2065, 40
2065, 2066
41, 2067
2067, 41
2067, 2068
42, 2069
2069, 42
2069, 2070
2069, 2071
43, 2072
2072, 43
2072, 2073
44, 2074
2074, 44
2074, 2075
2074, 2076
2076, 2077
2078, 2079
2078, 2080
2078, 2081
2078, 2082
2078, 2083
45, 2084
2084, 45
46, 2085
2085, 46
2085, 2086
47, 2087
2087, 47
2087, 2088
2087, 2089
48, 2090
2090, 48
2090, 2091
49, 2092
2092, 49
2092, 2093
50, 2094
2094, 50
2094, 2095
2094, 2096
2097, 2098
2097, 2099
51, 2100
2100, 51
2100, 2101
2100, 2102
2100, 2103
2103, 2104
2103, 2105
2100, 2106
2100, 2107
2107, 2108
2100, 2109
2100, 2110
2110, 2111
52, 2112
2112, 52
2112, 2113
2112, 2114
2112, 2115
2112, 2116
2112, 2117
2112, 2118
2112, 2119
53, 2120
2120, 53
2120, 2121
54, 2122
2122, 54
2122, 2123
2122, 2124
2122, 2125
2122, 2126
2122, 2127
2122, 2128
2122, 2129
2122, 2130
55, 2131
2131, 55
2131, 2132
2131, 2133
56, 2134
2134, 56
2134, 2135
14, 2136
2136, 14
2136, 2137
57, 2138
2138, 57
2138, 2139
2138, 2140
58, 2141
2141, 58
2141, 2142
27, 2143
2143, 27
2143, 2144
59, 2145
2145, 59
2145, 2146
60, 2147
2147, 60
2147, 2148
61, 2149
2149, 61
2149, 2150
2149, 2151
2149, 2152
2149, 2153
2149, 2154
2155, 2156
2157, 2158
2157, 2159
2157, 2160
2157, 2161
2162, 2163
2162, 2164
2165, 2166
2165, 2167
2165, 2168
6, 2169
2169, 6
2169, 2170
19, 2171
2171, 19
2171, 2172
45, 2173
2173, 45
63, 2174
2174, 63
2174, 2175
64, 2176
2176, 64
2176, 2177
2176, 2178
2176, 2179
2176, 2180
65, 2181
2181, 65
2181, 2182
67, 2183
2183, 67
2183, 2184
2183, 2185
2183, 2186
68, 2187
2187, 68
2187, 2188
69, 2189
2189, 69
2189, 2190
2189, 2191
2192, 2193
2194, 2195
2194, 2196
70, 2197
2197, 70
2197, 2198
2197, 2199
71, 2200
2200, 71
2200, 2201
2201, 2202
72, 2203
2203, 72
2203, 2204
2205, 2206
73, 2207
2207, 73
2207, 2208
2207, 2209
74, 2210
2210, 74
2210, 2211
75, 2212
2212, 75
2212, 2213
2213, 2214
2213, 2215
2216, 2217
2216, 2218
2216, 2219
39, 2220
2220, 39
2220, 2221
76, 2222
2222, 76
2222, 2223
2222, 2224
45, 2225
2225, 45
77, 2226
2226, 77
2226, 2227
2226, 2228
78, 2229
2229, 78
2229, 2230
2229, 2231
27, 2232
2232, 27
2232, 2233
79, 2234
2234, 79
2234, 2235
2234, 2236
2236, 2237
80, 2238
2238, 80
2238, 2239
81, 2240
2240, 81
2240, 2241
82, 2242
2242, 82
2242, 2243
2244, 2245
2246, 2247
2248, 2249
2250, 2251
2250, 2252
2250, 2253
2254, 2255
83, 2256
2256, 83
2256, 2257
84, 2258
2258, 84
2258, 2259
2258, 2260
85, 2261
2261, 85
2261, 2262
2261, 2263
2261, 2264
2261, 2265
2261, 2266
2261, 2267
2261, 2268
2261, 2269
2261, 2270
2261, 2271
85, 2272
2272, 85
2272, 2273
6, 2274
2274, 6
2274, 2275
2276, 87
2276, 2277
2278, 102
2278, 2279
2279, 2280
2280, 2281
2281, 2280
2279, 2281
2282, 103
2282, 2283
2283, 2284
2284, 2285
2285, 2284
2283, 2285
2286, 104
2286, 2287
2287, 2288
2289, 106
2289, 2290
2290, 2291
2291, 2292
2292, 2291
2290, 2292
2292, 2293
2293, 2292
2290, 2293
2293, 2294
2294, 2293
2290, 2294
2294, 2295
2295, 2294
2290, 2295
2295, 2296
2296, 2295
2290, 2296
2297, 110
2297, 2298
2298, 2299
2299, 2300
2300, 2299
2298, 2300
2301, 113
2301, 2302
2302, 2303
2303, 2304
2304, 2303
2302, 2304
2304, 2305
2305, 2304
2302, 2305
2305, 2306
2306, 2305
2302, 2306
2306, 2307
2307, 2306
2302, 2307
2307, 2308
2308, 2307
2302, 2308
2308, 2309
2309, 2308
2302, 2309
2309, 2310
2310, 2309
2302, 2310
2310, 2311
2311, 2310
2302, 2311
2311, 2312
2312, 2311
2302, 2312
2312, 2313
2313, 2312
2302, 2313
2314, 121
2314, 2315
2315, 2316
2316, 2317
2317, 2316
2315, 2317
2317, 2318
2318, 2317
2315, 2318
2318, 2319
2319, 2318
2315, 2319
2319, 2320
2320, 2319
2315, 2320
2320, 2321
2321, 2320
2315, 2321
2321, 2322
2322, 2321
2315, 2322
2323, 144
2323, 2324
2324, 2325
2325, 2326
2326, 2325
2324, 2326
2327, 146
2327, 2328
2328, 2329
2329, 2330
2330, 2329
2328, 2330
2330, 2331
2331, 2330
2328, 2331
2332, 159
2332, 2333
2333, 2334
2334, 2335
2335, 2334
2333, 2335
2335, 2336
2336, 2335
2333, 2336
2336, 2337
2337, 2336
2333, 2337
2337, 2338
2338, 2337
2333, 2338
2338, 2339
2339, 2338
2333, 2339
2339, 2340
2340, 2339
2333, 2340
2341, 172
2341, 2342
2342, 2343
2343, 2344
2344, 2343
2342, 2344
2344, 2345
2345, 2344
2342, 2345
2345, 2346
2346, 2345
2342, 2346
2346, 2347
2347, 2346
2342, 2347
2347, 2348
2348, 2347
2342, 2348
2348, 2349
2349, 2348
2342, 2349
2349, 2350
2350, 2349
2342, 2350
2350, 2351
2351, 2350
2342, 2351
2351, 2352
2352, 2351
2342, 2352
2352, 2353
2353, 2352
2342, 2353
2353, 2354
2354, 2353
2342, 2354
2354, 2355
2355, 2354
2342, 2355
2356, 187
2356, 2357
2357, 2358
2359, 190
2359, 2360
2360, 2361
2361, 2362
2362, 2361
2360, 2362
2363, 191
2363, 2364
2364, 2365
2366, 193
2366, 2367
2367, 2368
2369, 194
2369, 2370
2370, 2371
2371, 2372
2372, 2371
2370, 2372
2372, 2373
2373, 2372
2370, 2373
2374, 196
2374, 2375
2375, 2376
2376, 2377
2377, 2376
2375, 2377
2378, 197
2378, 2379
2379, 2380
2380, 2381
2381, 2380
2379, 2381
2381, 2382
2382, 2381
2379, 2382
2383, 201
2383, 2384
2384, 2385
2385, 2386
2386, 2385
2384, 2386
2386, 2387
2387, 2386
2384, 2387
2388, 207
2388, 2389
2389, 2390
2391, 208
2391, 2392
2393, 279
2393, 2394
2394, 2395
2395, 2396
2396, 2395
2394, 2396
2396, 2397
2397, 2396
2394, 2397
2397, 2398
2398, 2397
2394, 2398
2398, 2399
2399, 2398
2394, 2399
2400, 285
2400, 2401
2402, 292
2402, 2403
2403, 2404
2405, 294
2405, 2406
2407, 298
2407, 2408
2408, 2409
2409, 2410
2410, 2409
2408, 2410
2410, 2411
2411, 2410
2408, 2411
2412, 300
2412, 2413
2413, 2414
2414, 2415
2415, 2414
2413, 2415
2415, 2416
2416, 2415
2413, 2416
2416, 2417
2417, 2416
2413, 2417
2417, 2418
2418, 2417
2413, 2418
2419, 315
2419, 2420
2420, 2421
2421, 2422
2422, 2421
2420, 2422
2423, 326
2423, 2424
2424, 2425
2425, 2426
2426, 2425
2424, 2426
2426, 2427
2427, 2426
2424, 2427
2427, 2428
2428, 2427
2424, 2428
2429, 338
2429, 2430
2430, 2431
2431, 2432
2432, 2431
2430, 2432
2432, 2433
2433, 2432
2430, 2433
2433, 2434
2434, 2433
2430, 2434
2435, 343
2435, 2436
2436, 2437
2438, 190
2359, 2439
2360, 2440
2440, 2362
2362, 2440
2360, 2441
2441, 2442
2442, 2441
2360, 2442
2442, 2443
2443, 2442
2360, 2443
2443, 2444
2444, 2443
2360, 2444
2445, 947
2445, 2446
2446, 2447
2447, 2448
2448, 2447
2446, 2448
2449, 193
2366, 2450
2367, 2451
2452, 190
2359, 2453
2360, 2454
2454, 2362
2362, 2454
2360, 2455
2455, 2442
2442, 2455
2360, 2456
2456, 2443
2443, 2456
2360, 2457
2457, 2444
2444, 2457
2360, 2458
2458, 2459
2459, 2458
2360, 2459
2459, 2460
2460, 2459
2360, 2460
2460, 2461
2461, 2460
2360, 2461
2461, 2462
2462, 2461
2360, 2462
2463, 956
2463, 2464
2464, 2465
2466, 947
2445, 2467
2446, 2468
2468, 2448
2448, 2468
2446, 2469
2470, 193
2366, 2471
2367, 2472
2473, 345
2473, 2474
2474, 2475
2475, 2476
2476, 2475
2474, 2476
2476, 2477
2477, 2476
2474, 2477
2477, 2478
2478, 2477
2474, 2478
2478, 2479
2479, 2478
2474, 2479
2479, 2480
2480, 2479
2474, 2480
2481, 349
2481, 2482
2483, 352
2483, 2484
2484, 2485
2485, 2486
2486, 2485
2484, 2486
2486, 2487
2487, 2486
2484, 2487
2488, 353
2488, 2489
2489, 2490
2490, 2491
2491, 2490
2489, 2491
2491, 2492
2492, 2491
2489, 2492
2493, 355
2493, 2494
2494, 2495
2496, 358
2496, 2497
2498, 368
2498, 2499
2499, 2500
2501, 375
2501, 2502
2502, 2503
2503, 2504
2504, 2503
2502, 2504
2504, 2505
2505, 2504
2502, 2505
2506, 383
2506, 2507
2507, 2508
2508, 2509
2509, 2508
2507, 2509
2509, 2510
2510, 2509
2507, 2510
2510, 2511
2511, 2510
2507, 2511
2511, 2512
2512, 2511
2507, 2512
2513, 391
2513, 2514
2514, 2515
2516, 393
2516, 2517
2518, 410
2518, 2519
2519, 2520
2521, 412
2521, 2522
2522, 2523
2523, 2524
2524, 2523
2522, 2524
2524, 2525
2525, 2524
2522, 2525
2526, 416
2526, 2527
2527, 2528
2528, 2529
2529, 2528
2527, 2529
2530, 418
2530, 2531
2531, 2532
2533, 422
2533, 2534
2534, 2535
2535, 2536
2536, 2535
2534, 2536
2536, 2537
2537, 2536
2534, 2537
2537, 2538
2538, 2537
2534, 2538
2538, 2539
2539, 2538
2534, 2539
2539, 2540
2540, 2539
2534, 2540
2540, 2541
2541, 2540
2534, 2541
2541, 2542
2542, 2541
2534, 2542
2543, 432
2543, 2544
2545, 442
2545, 2546
2546, 2547
2548, 446
2548, 2549
2549, 2550
2550, 2551
2551, 2550
2549, 2551
2551, 2552
2552, 2551
2549, 2552
2553, 447
2553, 2554
2554, 2555
2556, 453
2556, 2557
2557, 2558
2558, 2559
2559, 2558
2557, 2559
2560, 458
2560, 2561
2561, 2562
2562, 2563
2563, 2562
2561, 2563
2564, 463
2564, 2565
2565, 2566
2566, 2567
2567, 2566
2565, 2567
2567, 2568
2568, 2567
2565, 2568
2568, 2569
2569, 2568
2565, 2569
2569, 2570
2570, 2569
2565, 2570
2570, 2571
2571, 2570
2565, 2571
2571, 2572
2572, 2571
2565, 2572
2573, 482
2573, 2574
2575, 190
2359, 2576
2360, 2577
2578, 493
2578, 2579
2579, 2580
2581, 495
2581, 2582
2582, 2583
2583, 2584
2584, 2583
2582, 2584
2585, 498
2585, 2586
2586, 2587
2587, 2588
2588, 2587
2586, 2588
2589, 190
2359, 2590
2360, 2591
2591, 2362
2362, 2591
2360, 2592
2592, 2442
2442, 2592
2360, 2593
2593, 2443
2443, 2593
2360, 2594
2594, 2444
2444, 2594
2360, 2595
2595, 2459
2459, 2595
2360, 2596
2596, 2460
2460, 2596
2360, 2597
2598, 508
2598, 2599
2599, 2600
2600, 2601
2601, 2600
2599, 2601
2602, 511
2602, 2603
2603, 2604
2604, 2605
2605, 2604
2603, 2605
2606, 513
2606, 2607
2607, 2608
2608, 2609
2609, 2608
2607, 2609
2609, 2610
2610, 2609
2607, 2610
2610, 2611
2611, 2610
2607, 2611
2612, 517
2612, 2613
2613, 2614
2614, 2615
2615, 2614
2613, 2615
2615, 2616
2616, 2615
2613, 2616
2616, 2617
2617, 2616
2613, 2617
2618, 520
2618, 2619
2619, 2620
2620, 2621
2621, 2620
2619, 2621
2621, 2622
2622, 2621
2619, 2622
2622, 2623
2623, 2622
2619, 2623
2624, 523
2624, 2625
2625, 2626
2626, 2627
2627, 2626
2625, 2627
2627, 2628
2628, 2627
2625, 2628
2629, 526
2629, 2630
2630, 2631
2631, 2632
2632, 2631
2630, 2632
2633, 190
2359, 2634
2360, 2635
2635, 2362
2362, 2635
2360, 2636
2636, 2442
2442, 2636
2360, 2637
2638, 533
2638, 2639
2639, 2640
2640, 2641
2641, 2640
2639, 2641
2642, 495
2581, 2643
2582, 2644
2644, 2584
2584, 2644
2582, 2645
2646, 542
2646, 2647
2647, 2648
2648, 2649
2649, 2648
2647, 2649
2650, 159
2332, 2651
2333, 2652
2652, 2335
2335, 2652
2333, 2653
2653, 2336
2336, 2653
2333, 2654
2654, 2337
2337, 2654
2333, 2655
2655, 2338
2338, 2655
2333, 2656
2656, 2339
2339, 2656
2333, 2657
2657, 2340
2340, 2657
2333, 2658
2658, 2659
2659, 2658
2333, 2659
2660, 103
2282, 2661
2283, 2662
2662, 2285
2285, 2662
2283, 2663
2664, 104
2286, 2665
2287, 2666
2667, 106
2289, 2668
2290, 2669
2669, 2292
2292, 2669
2290, 2670
2670, 2293
2293, 2670
2290, 2671
2671, 2294
2294, 2671
2290, 2672
2672, 2295
2295, 2672
2290, 2673
2673, 2296
2296, 2673
2290, 2674
2675, 190
2359, 2676
2360, 2677
2677, 2362
2362, 2677
2360, 2678
2678, 2442
2442, 2678
2360, 2679
2679, 2443
2443, 2679
2360, 2680
2680, 2444
2444, 2680
2360, 2681
2681, 2459
2459, 2681
2360, 2682
2682, 2460
2460, 2682
2360, 2683
2683, 2461
2461, 2683
2360, 2684
2685, 570
2685, 2686
2686, 2687
2687, 2688
2688, 2687
2686, 2688
2689, 574
2689, 2690
2690, 2691
2691, 2692
2692, 2691
2690, 2692
2693, 190
2359, 2694
2360, 2695
2695, 2362
2362, 2695
2360, 2696
2696, 2442
2442, 2696
2360, 2697
2697, 2443
2443, 2697
2360, 2698
2698, 2444
2444, 2698
2360, 2699
2699, 2459
2459, 2699
2360, 2700
2701, 570
2685, 2702
2686, 2703
2703, 2688
2688, 2703
2686, 2704
2705, 583
2705, 2706
2706, 2707
2708, 190
2359, 2709
2360, 2710
2710, 2362
2362, 2710
2360, 2711
2711, 2442
2442, 2711
2360, 2712
2712, 2443
2443, 2712
2360, 2713
2714, 570
2685, 2715
2686, 2716
2716, 2688
2688, 2716
2686, 2717
2718, 597
2718, 2719
2720, 599
2720, 2721
2721, 2722
2723, 602
2723, 2724
2724, 2725
2725, 2726
2726, 2725
2724, 2726
2727, 604
2727, 2728
2728, 2729
2730, 606
2730, 2731
2731, 2732
2733, 608
2733, 2734
2735, 190
2359, 2736
2360, 2737
2737, 2362
2362, 2737
2360, 2738
2738, 2442
2442, 2738
2360, 2739
2740, 613
2740, 2741
2741, 2742
2742, 2743
2743, 2742
2741, 2743
2744, 614
2744, 2745
2745, 2746
2747, 190
2359, 2748
2360, 2749
2750, 618
2750, 2751
2751, 2752
2752, 2753
2753, 2752
2751, 2753
2753, 2754
2754, 2753
2751, 2754
2755, 622
2755, 2756
2756, 2757
2758, 624
2758, 2759
2759, 2760
2760, 2761
2761, 2760
2759, 2761
2762, 625
2762, 2763
2763, 2764
2764, 2765
2765, 2764
2763, 2765
2765, 2766
2766, 2765
2763, 2766
2766, 2767
2767, 2766
2763, 2767
2768, 628
2768, 2769
2769, 2770
2770, 2771
2771, 2770
2769, 2771
2771, 2772
2772, 2771
2769, 2772
2773, 190
2359, 2774
2360, 2775
2775, 2362
2362, 2775
2360, 2776
2776, 2442
2442, 2776
2360, 2777
2777, 2443
2443, 2777
2360, 2778
2779, 643
2779, 2780
2780, 2781
2782, 645
2782, 2783
2783, 2784
2785, 649
2785, 2786
2786, 2787
2788, 659
2788, 2789
2789, 2790
2791, 660
2791, 2792
2792, 2793
2794, 677
2794, 2795
2795, 2796
2797, 687
2797, 2798
2798, 2799
2800, 693
2800, 2801
2801, 2802
2803, 695
2803, 2804
2804, 2805
2806, 703
2806, 2807
2807, 2808
2809, 710
2809, 2810
2810, 2811
2812, 717
2812, 2813
2813, 2814
2815, 720
2815, 2816
2816, 2817
2818, 723
2818, 2819
2819, 2820
2821, 725
2821, 2822
2822, 2823
2823, 2824
2824, 2823
2822, 2824
2824, 2825
2825, 2824
2822, 2825
2826, 727
2826, 2827
2827, 2828
2829, 732
2829, 2830
2830, 2831
2832, 736
2832, 2833
2833, 2834
2835, 738
2835, 2836
2836, 2837
2837, 2838
2838, 2837
2836, 2838
2838, 2839
2839, 2838
2836, 2839
2840, 739
2840, 2841
2841, 2842
2843, 285
2400, 2844
2845, 892
2845, 2846
2847, 894
2847, 2848
2848, 2849
2850, 896
2850, 2851
2851, 2852
2853, 898
2853, 2854
2854, 2855
2856, 902
2856, 2857
2857, 2858
2858, 2859
2859, 2858
2857, 2859
2859, 2860
2860, 2859
2857, 2860
2861, 905
2861, 2862
2862, 2863
2863, 2864
2864, 2863
2862, 2864
2864, 2865
2865, 2864
2862, 2865
2866, 732
2829, 2867
2868, 912
2868, 2869
2869, 2870
2870, 2871
2871, 2870
2869, 2871
2872, 915
2872, 2873
2873, 2874
2874, 2875
2875, 2874
2873, 2875
2875, 2876
2876, 2875
2873, 2876
2877, 918
2877, 2878
2878, 2879
2880, 921
2880, 2881
2881, 2882
2883, 922
2883, 2884
2885, 928
2885, 2886
2886, 2887
2888, 934
2888, 2889
2890, 935
2890, 2891
2892, 936
2892, 2893
2894, 937
2894, 2895
2896, 978
2896, 2897
2897, 2898
2899, 980
2899, 2900
2900, 2901
2901, 2902
2902, 2901
2900, 2902
2902, 2903
2903, 2902
2900, 2903
2904, 983
2904, 2905
2905, 2906
2906, 2907
2907, 2906
2905, 2907
2908, 990
2908, 2909
2909, 2910
2911, 996
2911, 2912
2912, 2913
2913, 2914
2914, 2913
2912, 2914
2915, 1002
2915, 2916
2916, 2917
2918, 1004
2918, 2919
2919, 2920
2920, 2921
2921, 2920
2919, 2921
2922, 1006
2922, 2923
2923, 2924
2924, 2925
2925, 2924
2923, 2925
2925, 2926
2926, 2925
2923, 2926
2926, 2927
2927, 2926
2923, 2927
2928, 1008
2928, 2929
2929, 2930
2931, 1009
2931, 2932
2932, 2933
2933, 2934
2934, 2933
2932, 2934
2934, 2935
2935, 2934
2932, 2935
2936, 1011
2936, 2937
2937, 2938
2938, 2939
2939, 2938
2937, 2939
2939, 2940
2940, 2939
2937, 2940
2941, 1013
2941, 2942
2942, 2943
2943, 2944
2944, 2943
2942, 2944
2944, 2945
2945, 2944
2942, 2945
2946, 1015
2946, 2947
2947, 2948
2948, 2949
2949, 2948
2947, 2949
2949, 2950
2950, 2949
2947, 2950
2951, 1016
2951, 2952
2952, 2953
2953, 2954
2954, 2953
2952, 2954
2954, 2955
2955, 2954
2952, 2955
2956, 1017
2956, 2957
2957, 2958
2958, 2959
2959, 2958
2957, 2959
2959, 2960
2960, 2959
2957, 2960
2961, 1018
2961, 2962
2962, 2963
2963, 2964
2964, 2963
2962, 2964
2964, 2965
2965, 2964
2962, 2965
2966, 1019
2966, 2967
2967, 2968
2968, 2969
2969, 2968
2967, 2969
2969, 2970
2970, 2969
2967, 2970
2971, 1020
2971, 2972
2972, 2973
2973, 2974
2974, 2973
2972, 2974
2974, 2975
2975, 2974
2972, 2975
2976, 1021
2976, 2977
2977, 2978
2979, 1023
2979, 2980
2981, 1034
2981, 2982
2982, 2983
2983, 2984
2984, 2983
2982, 2984
2984, 2985
2985, 2984
2982, 2985
2985, 2986
2986, 2985
2982, 2986
2986, 2987
2987, 2986
2982, 2987
2988, 1015
2946, 2989
2947, 2990
2990, 2949
2949, 2990
2947, 2991
2991, 2950
2950, 2991
2947, 2992
2993, 1016
2951, 2994
2952, 2995
2995, 2954
2954, 2995
2952, 2996
2996, 2955
2955, 2996
2952, 2997
2998, 1039
2998, 2999
2999, 3000
3000, 3001
3001, 3000
2999, 3001
3002, 190
2359, 3003
2360, 3004
3004, 2362
2362, 3004
2360, 3005
3006, 533
2638, 3007
2639, 3008
3008, 2641
2641, 3008
2639, 3009
3009, 3010
3010, 3009
2639, 3010
3011, 1041
3011, 3012
3012, 3013
3014, 1042
3014, 3015
3015, 3016
3016, 3017
3017, 3016
3015, 3017
3018, 1045
3018, 3019
3019, 3020
3020, 3021
3021, 3020
3019, 3021
3022, 1052
3022, 3023
3023, 3024
3024, 3025
3025, 3024
3023, 3025
3026, 1062
3026, 3027
3027, 3028
3029, 1064
3029, 3030
3030, 3031
3031, 3032
3032, 3031
3030, 3032
3033, 1071
3033, 3034
3034, 3035
3035, 3036
3036, 3035
3034, 3036
3037, 1073
3037, 3038
3038, 3039
3040, 1076
3040, 3041
3041, 3042
3042, 3043
3043, 3042
3041, 3043
3043, 3044
3044, 3043
3041, 3044
3044, 3045
3045, 3044
3041, 3045
3046, 1080
3046, 3047
3047, 3048
3048, 3049
3049, 3048
3047, 3049
3050, 604
2727, 3051
2728, 3052
3053, 606
2730, 3054
2731, 3055
3056, 608
2733, 3057
3058, 190
2359, 3059
2360, 3060
3060, 2362
2362, 3060
2360, 3061
3062, 533
2638, 3063
2639, 3064
3064, 2641
2641, 3064
2639, 3065
3065, 3010
3010, 3065
2639, 3066
3067, 190
2359, 3068
2360, 3069
3069, 2362
2362, 3069
2360, 3070
3071, 1100
3071, 3072
3072, 3073
3073, 3074
3074, 3073
3072, 3074
3074, 3075
3075, 3074
3072, 3075
3076, 533
2638, 3077
2639, 3078
3078, 2641
2641, 3078
2639, 3079
3079, 3010
3010, 3079
2639, 3080
3081, 1104
3081, 3082
3082, 3083
3084, 1106
3084, 3085
3085, 3086
3087, 1107
3087, 3088
3088, 3089
3089, 3090
3090, 3089
3088, 3090
3090, 3091
3091, 3090
3088, 3091
3092, 1108
3092, 3093
3093, 3094
3095, 1109
3095, 3096
3096, 3097
3097, 3098
3098, 3097
3096, 3098
3098, 3099
3099, 3098
3096, 3099
3099, 3100
3100, 3099
3096, 3100
3101, 1116
3101, 3102
3102, 3103
3103, 3104
3104, 3103
3102, 3104
3104, 3105
3105, 3104
3102, 3105
3106, 1118
3106, 3107
3107, 3108
3108, 3109
3109, 3108
3107, 3109
3110, 1119
3110, 3111
3111, 3112
3112, 3113
3113, 3112
3111, 3113
3114, 1120
3114, 3115
3115, 3116
3116, 3117
3117, 3116
3115, 3117
3118, 1129
3118, 3119
3119, 3120
3120, 3121
3121, 3120
3119, 3121
3122, 1135
3122, 3123
3123, 3124
3124, 3125
3125, 3124
3123, 3125
3126, 190
2359, 3127
2360, 3128
3128, 2362
2362, 3128
2360, 3129
3130, 1141
3130, 3131
3131, 3132
3132, 3133
3133, 3132
3131, 3133
3134, 533
2638, 3135
2639, 3136
3137, 190
2359, 3138
2360, 3139
3139, 2362
2362, 3139
2360, 3140
3140, 2442
2442, 3140
2360, 3141
3141, 2443
2443, 3141
2360, 3142
3143, 947
2445, 3144
2446, 3145
3145, 2448
2448, 3145
2446, 3146
3147, 193
2366, 3148
2367, 3149
3150, 190
2359, 3151
2360, 3152
3152, 2362
2362, 3152
2360, 3153
3153, 2442
2442, 3153
2360, 3154
3155, 947
2445, 3156
2446, 3157
3157, 2448
2448, 3157
2446, 3158
3159, 193
2366, 3160
2367, 3161
3162, 190
2359, 3163
2360, 3164
3165, 618
2750, 3166
2751, 3167
3167, 2753
2753, 3167
2751, 3168
3168, 2754
2754, 3168
2751, 3169
3169, 3170
3170, 3169
2751, 3170
3171, 1155
3171, 3172
3172, 3173
3173, 3174
3174, 3173
3172, 3174
3175, 1157
3175, 3176
3176, 3177
3178, 1158
3178, 3179
3179, 3180
3180, 3181
3181, 3180
3179, 3181
3181, 3182
3182, 3181
3179, 3182
3182, 3183
3183, 3182
3179, 3183
3184, 1159
3184, 3185
3185, 3186
3187, 1161
3187, 3188
3188, 3189
3189, 3190
3190, 3189
3188, 3190
3190, 3191
3191, 3190
3188, 3191
3191, 3192
3192, 3191
3188, 3192
3193, 1165
3193, 3194
3194, 3195
3195, 3196
3196, 3195
3194, 3196
3196, 3197
3197, 3196
3194, 3197
3197, 3198
3198, 3197
3194, 3198
3198, 3199
3199, 3198
3194, 3199
3200, 1166
3200, 3201
3201, 3202
3202, 3203
3203, 3202
3201, 3203
3203, 3204
3204, 3203
3201, 3204
3204, 3205
3205, 3204
3201, 3205
3205, 3206
3206, 3205
3201, 3206
3206, 3207
3207, 3206
3201, 3207
3207, 3208
3208, 3207
3201, 3208
3208, 3209
3209, 3208
3201, 3209
3209, 3210
3210, 3209
3201, 3210
3211, 1171
3211, 3212
3212, 3213
3213, 3214
3214, 3213
3212, 3214
3214, 3215
3215, 3214
3212, 3215
3215, 3216
3216, 3215
3212, 3216
3216, 3217
3217, 3216
3212, 3217
3217, 3218
3218, 3217
3212, 3218
3218, 3219
3219, 3218
3212, 3219
3219, 3220
3220, 3219
3212, 3220
3221, 1176
3221, 3222
3222, 3223
3223, 3224
3224, 3223
3222, 3224
3225, 1180
3225, 3226
3226, 3227
3228, 1182
3228, 3229
3229, 3230
3231, 1184
3231, 3232
3232, 3233
3233, 3234
3234, 3233
3232, 3234
3235, 1192
3235, 3236
3236, 3237
3237, 3238
3238, 3237
3236, 3238
3238, 3239
3239, 3238
3236, 3239
3239, 3240
3240, 3239
3236, 3240
3240, 3241
3241, 3240
3236, 3241
3241, 3242
3242, 3241
3236, 3242
3243, 1202
3243, 3244
3244, 3245
3245, 3246
3246, 3245
3244, 3246
3246, 3247
3247, 3246
3244, 3247
3248, 1207
3248, 3249
3249, 3250
3251, 1208
3251, 3252
3252, 3253
3253, 3254
3254, 3253
3252, 3254
3254, 3255
3255, 3254
3252, 3255
3255, 3256
3256, 3255
3252, 3256
3257, 1211
3257, 3258
3258, 3259
3260, 1214
3260, 3261
3261, 3262
3262, 3263
3263, 3262
3261, 3263
3263, 3264
3264, 3263
3261, 3264
3265, 1217
3265, 3266
3266, 3267
3267, 3268
3268, 3267
3266, 3268
3268, 3269
3269, 3268
3266, 3269
3270, 1220
3270, 3271
3271, 3272
3272, 3273
3273, 3272
3271, 3273
3274, 190
2359, 3275
2360, 3276
3276, 2362
2362, 3276
2360, 3277
3277, 2442
2442, 3277
2360, 3278
3279, 622
2755, 3280
2756, 3281
3282, 618
2750, 3283
2751, 3284
3284, 2753
2753, 3284
2751, 3285
3285, 2754
2754, 3285
2751, 3286
3287, 865
3287, 3288
3288, 3289
3290, 190
2359, 3291
2360, 3292
3292, 2362
2362, 3292
2360, 3293
3293, 2442
2442, 3293
2360, 3294
3294, 2443
2443, 3294
2360, 3295
3296, 870
3296, 3297
3297, 3298
3298, 3299
3299, 3298
3297, 3299
3300, 873
3300, 3301
3301, 3302
3302, 3303
3303, 3302
3301, 3303
3304, 1224
3304, 3305
3305, 3306
3306, 3307
3307, 3306
3305, 3307
3307, 3308
3308, 3307
3305, 3308
3309, 1225
3309, 3310
3310, 3311
3311, 3312
3312, 3311
3310, 3312
3312, 3313
3313, 3312
3310, 3313
3314, 190
2359, 3315
2360, 3316
3317, 618
2750, 3318
2751, 3319
3319, 2753
2753, 3319
2751, 3320
3320, 2754
2754, 3320
2751, 3321
3321, 3170
3170, 3321
2751, 3322
3323, 625
2762, 3324
2763, 3325
3325, 2765
2765, 3325
2763, 3326
3327, 928
2885, 3328
2886, 3329
3330, 1245
3330, 3331
3331, 3332
3333, 1247
3333, 3334
3334, 3335
3335, 3336
3336, 3335
3334, 3336
3336, 3337
3337, 3336
3334, 3337
3338, 1248
3338, 3339
3339, 3340
3341, 1251
3341, 3342
3342, 3343
3344, 1255
3344, 3345
3345, 3346
3346, 3347
3347, 3346
3345, 3347
3347, 3348
3348, 3347
3345, 3348
3348, 3349
3349, 3348
3345, 3349
3349, 3350
3350, 3349
3345, 3350
3351, 1261
3351, 3352
3352, 3353
3354, 1265
3354, 3355
3355, 3356
3356, 3357
3357, 3356
3355, 3357
3358, 1269
3358, 3359
3359, 3360
3360, 3361
3361, 3360
3359, 3361
3361, 3362
3362, 3361
3359, 3362
3363, 1271
3363, 3364
3364, 3365
3366, 602
2723, 3367
2724, 3368
3368, 2726
2726, 3368
2724, 3369
3370, 894
2847, 3371
2848, 3372
3373, 1276
3373, 3374
3374, 3375
3375, 3376
3376, 3375
3374, 3376
3377, 599
2720, 3378
2721, 3379
3379, 3380
3380, 3379
2721, 3380
3381, 1282
3381, 3382
3382, 3383
3384, 1283
3384, 3385
3386, 1287
3386, 3387
3387, 3388
3388, 3389
3389, 3388
3387, 3389
3390, 1289
3390, 3391
3391, 3392
3392, 3393
3393, 3392
3391, 3393
3393, 3394
3394, 3393
3391, 3394
3394, 3395
3395, 3394
3391, 3395
3396, 1294
3396, 3397
3397, 3398
3398, 3399
3399, 3398
3397, 3399
3399, 3400
3400, 3399
3397, 3400
3400, 3401
3401, 3400
3397, 3401
3401, 3402
3402, 3401
3397, 3402
3403, 190
2359, 3404
3405, 1306
3405, 3406
3406, 3407
3407, 3408
3408, 3407
3406, 3408
3409, 1307
3409, 3410
3410, 3411
3412, 1283
3384, 3413
3414, 1211
3257, 3415
3258, 3416
3417, 1316
3417, 3418
3418, 3419
3420, 1317
3420, 3421
3421, 3422
3422, 3423
3423, 3422
3421, 3423
3423, 3424
3424, 3423
3421, 3424
3425, 1323
3425, 3426
3426, 3427
3427, 3428
3428, 3427
3426, 3428
3428, 3429
3429, 3428
3426, 3429
3429, 3430
3430, 3429
3426, 3430
3431, 1330
3431, 3432
3432, 3433
3433, 3434
3434, 3433
3432, 3434
3435, 1333
3435, 3436
3436, 3437
3437, 3438
3438, 3437
3436, 3438
3438, 3439
3439, 3438
3436, 3439
3439, 3440
3440, 3439
3436, 3440
3440, 3441
3441, 3440
3436, 3441
3441, 3442
3442, 3441
3436, 3442
3443, 1340
3443, 3444
3445, 1370
3445, 3446
3447, 1211
3257, 3448
3258, 3449
3450, 1316
3417, 3451
3418, 3452
3453, 1333
3435, 3454
3436, 3455
3455, 3438
3438, 3455
3436, 3456
3456, 3439
3439, 3456
3436, 3457
3457, 3440
3440, 3457
3436, 3458
3458, 3441
3441, 3458
3436, 3459
3459, 3442
3442, 3459
3436, 3460
3461, 1401
3461, 3462
3463, 103
2282, 3464
2283, 3465
3465, 2285
2285, 3465
2283, 3466
3467, 104
2286, 3468
2287, 3469
3470, 106
2289, 3471
2290, 3472
3472, 2292
2292, 3472
2290, 3473
3473, 2293
2293, 3473
2290, 3474
3474, 2294
2294, 3474
2290, 3475
3475, 2295
2295, 3475
2290, 3476
3476, 2296
2296, 3476
2290, 3477
3478, 110
2297, 3479
2298, 3480
3480, 2300
2300, 3480
2298, 3481
3482, 113
2301, 3483
2302, 3484
3484, 2304
2304, 3484
2302, 3485
3485, 2305
2305, 3485
2302, 3486
3486, 2306
2306, 3486
2302, 3487
3487, 2307
2307, 3487
2302, 3488
3488, 2308
2308, 3488
2302, 3489
3489, 2309
2309, 3489
2302, 3490
3490, 2310
2310, 3490
2302, 3491
3491, 2311
2311, 3491
2302, 3492
3492, 2312
2312, 3492
2302, 3493
3493, 2313
2313, 3493
2302, 3494
3495, 121
2314, 3496
2315, 3497
3497, 2317
2317, 3497
2315, 3498
3498, 2318
2318, 3498
2315, 3499
3499, 2319
2319, 3499
2315, 3500
3500, 2320
2320, 3500
2315, 3501
3501, 2321
2321, 3501
2315, 3502
3502, 2322
2322, 3502
2315, 3503
3503, 3504
3504, 3503
2315, 3504
3505, 146
2327, 3506
2328, 3507
3507, 2330
2330, 3507
2328, 3508
3508, 2331
2331, 3508
2328, 3509
3510, 159
2332, 3511
2333, 3512
3512, 2335
2335, 3512
2333, 3513
3513, 2336
2336, 3513
2333, 3514
3514, 2337
2337, 3514
2333, 3515
3515, 2338
2338, 3515
2333, 3516
3516, 2339
2339, 3516
2333, 3517
3517, 2340
2340, 3517
2333, 3518
3519, 172
2341, 3520
2342, 3521
3521, 2344
2344, 3521
2342, 3522
3522, 2345
2345, 3522
2342, 3523
3523, 2346
2346, 3523
2342, 3524
3524, 2347
2347, 3524
2342, 3525
3525, 2348
2348, 3525
2342, 3526
3526, 2349
2349, 3526
2342, 3527
3527, 2350
2350, 3527
2342, 3528
3528, 2351
2351, 3528
2342, 3529
3529, 2352
2352, 3529
2342, 3530
3530, 2353
2353, 3530
2342, 3531
3531, 2354
2354, 3531
2342, 3532
3532, 2355
2355, 3532
2342, 3533
3534, 1469
3534, 3535
3535, 3536
3536, 3537
3537, 3536
3535, 3537
3537, 3538
3538, 3537
3535, 3538
3538, 3539
3539, 3538
3535, 3539
3539, 3540
3540, 3539
3535, 3540
3540, 3541
3541, 3540
3535, 3541
3541, 3542
3542, 3541
3535, 3542
3543, 1475
3543, 3544
3544, 3545
3545, 3546
3546, 3545
3544, 3546
3547, 208
2391, 3548
3549, 190
2359, 3550
2360, 3551
3552, 533
2638, 3553
2639, 3554
3554, 2641
2641, 3554
2639, 3555
3555, 3010
3010, 3555
2639, 3556
3557, 190
2359, 3558
2360, 3559
3560, 1528
3560, 3561
3561, 3562
3562, 3563
3563, 3562
3561, 3563
3563, 3564
3564, 3563
3561, 3564
3564, 3565
3565, 3564
3561, 3565
3566, 570
2685, 3567
2686, 3568
3568, 2688
2688, 3568
2686, 3569
3569, 3570
3570, 3569
2686, 3570
3571, 1546
3571, 3572
3572, 3573
3573, 3574
3574, 3573
3572, 3574
3575, 1553
3575, 3576
3576, 3577
3577, 3578
3578, 3577
3576, 3578
3578, 3579
3579, 3578
3576, 3579
3579, 3580
3580, 3579
3576, 3580
3580, 3581
3581, 3580
3576, 3581
3582, 1560
3582, 3583
3583, 3584
3585, 1564
3585, 3586
3586, 3587
3587, 3588
3588, 3587
3586, 3588
3589, 1566
3589, 3590
3590, 3591
3591, 3592
3592, 3591
3590, 3592
3592, 3593
3593, 3592
3590, 3593
3593, 3594
3594, 3593
3590, 3594
3595, 1570
3595, 3596
3596, 3597
3597, 3598
3598, 3597
3596, 3598
3598, 3599
3599, 3598
3596, 3599
3600, 1583
3600, 3601
3601, 3602
3602, 3603
3603, 3602
3601, 3603
3604, 1599
3604, 3605
3606, 498
2585, 3607
2586, 3608
3608, 2588
2588, 3608
2586, 3609
3610, 159
2332, 3611
2333, 3612
3612, 2335
2335, 3612
2333, 3613
3613, 2336
2336, 3613
2333, 3614
3614, 2337
2337, 3614
2333, 3615
3615, 2338
2338, 3615
2333, 3616
3616, 2339
2339, 3616
2333, 3617
3617, 2340
2340, 3617
2333, 3618
3618, 2659
2659, 3618
2333, 3619
3620, 103
2282, 3621
2283, 3622
3622, 2285
2285, 3622
2283, 3623
3624, 104
2286, 3625
2287, 3626
3627, 106
2289, 3628
2290, 3629
3629, 2292
2292, 3629
2290, 3630
3630, 2293
2293, 3630
2290, 3631
3631, 2294
2294, 3631
2290, 3632
3632, 2295
2295, 3632
2290, 3633
3633, 2296
2296, 3633
2290, 3634
3635, 1631
3635, 3636
3636, 3637
3637, 3638
3638, 3637
3636, 3638
3639, 1634
3639, 3640
3640, 3641
3641, 3642
3642, 3641
3640, 3642
3643, 1636
3643, 3644
3644, 3645
3645, 3646
3646, 3645
3644, 3646
3646, 3647
3647, 3646
3644, 3647
3647, 3648
3648, 3647
3644, 3648
3649, 1333
3435, 3650
3436, 3651
3651, 3438
3438, 3651
3436, 3652
3652, 3439
3439, 3652
3436, 3653
3653, 3440
3440, 3653
3436, 3654
3654, 3441
3441, 3654
3436, 3655
3655, 3442
3442, 3655
3436, 3656
3657, 1648
3657, 3658
3658, 3659
3659, 3660
3660, 3659
3658, 3660
3660, 3661
3661, 3660
3658, 3661
3661, 3662
3662, 3661
3658, 3662
3662, 3663
3663, 3662
3658, 3663
3663, 3664
3664, 3663
3658, 3664
3665, 1650
3665, 3666
3666, 3667
3667, 3668
3668, 3667
3666, 3668
3668, 3669
3669, 3668
3666, 3669
3669, 3670
3670, 3669
3666, 3670
3670, 3671
3671, 3670
3666, 3671
3672, 1672
3672, 3673
3673, 3674
3675, 1674
3675, 3676
3676, 3677
3677, 3678
3678, 3677
3676, 3678
3678, 3679
3679, 3678
3676, 3679
3680, 1679
3680, 3681
3681, 3682
3682, 3683
3683, 3682
3681, 3683
3683, 3684
3684, 3683
3681, 3684
3685, 1683
3685, 3686
3686, 3687
3687, 3688
3688, 3687
3686, 3688
3688, 3689
3689, 3688
3686, 3689
3690, 1690
3690, 3691
3691, 3692
3693, 1694
3693, 3694
3694, 3695
3695, 3696
3696, 3695
3694, 3696
3696, 3697
3697, 3696
3694, 3697
3697, 3698
3698, 3697
3694, 3698
3699, 1702
3699, 3700
3700, 3701
3701, 3702
3702, 3701
3700, 3702
3702, 3703
3703, 3702
3700, 3703
3703, 3704
3704, 3703
3700, 3704
3704, 3705
3705, 3704
3700, 3705
3705, 3706
3706, 3705
3700, 3706
3707, 1719
3707, 3708
3708, 3709
3709, 3710
3710, 3709
3708, 3710
3711, 1723
3711, 3712
3712, 3713
3713, 3714
3714, 3713
3712, 3714
3715, 1726
3715, 3716
3716, 3717
3717, 3718
3718, 3717
3716, 3718
3718, 3719
3719, 3718
3716, 3719
3719, 3720
3720, 3719
3716, 3720
3720, 3721
3721, 3720
3716, 3721
3721, 3722
3722, 3721
3716, 3722
3723, 190
2359, 3724
2360, 3725
3725, 2362
2362, 3725
2360, 3726
3726, 2442
2442, 3726
2360, 3727
3728, 570
2685, 3729
2686, 3730
3730, 2688
2688, 3730
2686, 3731
3731, 3570
3570, 3731
2686, 3732
3733, 1737
3733, 3734
3734, 3735
3735, 3736
3736, 3735
3734, 3736
3736, 3737
3737, 3736
3734, 3737
3737, 3738
3738, 3737
3734, 3738
3739, 1744
3739, 3740
3741, 1808
3741, 3742
3743, 1814
3743, 3744
3745, 1821
3745, 3746
3747, 1745
3747, 3748
3749, 1823
3749, 3750
3751, 1746
3751, 3752
3753, 1747
3753, 3754
3755, 1748
3755, 3756
3757, 1749
3757, 3758
3759, 1750
3759, 3760
3761, 2116
3761, 3762
3763, 1809
3763, 3764
3765, 1825
3765, 3766
3767, 1751
3767, 3768
3769, 1801
3769, 3770
3771, 1834
3771, 3772
3773, 1835
3773, 3774
3775, 1836
3775, 3776
3777, 1841
3777, 3778
3779, 1853
3779, 3780
3781, 1857
3781, 3782
3783, 1752
3783, 3784
3785, 1836
3775, 3786
3787, 1867
3787, 3788
3789, 1770
3789, 3790
3791, 1770
3789, 3792
3793, 1770
3789, 3794
3795, 1810
3795, 3796
3797, 1919
3797, 3798
3799, 1926
3799, 3800
3801, 1933
3801, 3802
3803, 1921
3803, 3804
3805, 1753
3805, 3806
3807, 1754
3807, 3808
3809, 1755
3809, 3810
3811, 1756
3811, 3812
3813, 1757
3813, 3814
3815, 1758
3815, 3816
3817, 1759
3817, 3818
3819, 1760
3819, 3820
3821, 1940
3821, 3822
3823, 1761
3823, 3824
3825, 1942
3825, 3826
3827, 1762
3827, 3828
3829, 1763
3829, 3830
3831, 1764
3831, 3832
3833, 1765
3833, 3834
3835, 1815
3835, 3836
3837, 1944
3837, 3838
3839, 1949
3839, 3840
3841, 1951
3841, 3842
3843, 1839
3843, 3844
3845, 1750
3759, 3846
3847, 1953
3847, 3848
3849, 1955
3849, 3850
3851, 1957
3851, 3852
3853, 1958
3853, 3854
3855, 1960
3855, 3856
3857, 1868
3857, 3858
3859, 1805
3859, 3860
3861, 1759
3817, 3862
3863, 1770
3789, 3864
3865, 1748
3755, 3866
3867, 1770
3789, 3868
3869, 1776
3869, 3870
3871, 1854
3871, 3872
3873, 1857
3781, 3874
3875, 1974
3875, 3876
3877, 3878
3879, 1752
3783, 3880
3881, 1871
3881, 3882
3883, 1767
3883, 3884
3885, 1747
3753, 3886
3887, 1976
3887, 3888
3889, 1816
3889, 3890
3891, 1766
3891, 3892
3893, 1980
3893, 3894
3895, 1776
3869, 3896
3897, 1767
3883, 3898
3899, 1768
3899, 3900
3901, 1817
3901, 3902
3903, 1946
3903, 3904
3905, 1769
3905, 3906
3907, 1835
3773, 3908
3909, 1835
3773, 3910
3911, 1835
3773, 3912
3913, 1988
3913, 3914
3915, 1765
3833, 3916
3917, 1988
3913, 3918
3919, 1922
3919, 3920
3921, 1923
3921, 3922
3923, 1770
3789, 3924
3925, 1992
3925, 3926
3927, 1759
3817, 3928
3929, 1924
3929, 3930
3931, 1771
3931, 3932
3933, 2004
3933, 3934
3935, 2005
3935, 3936
3937, 1776
3869, 3938
3939, 1775
3939, 3940
3941, 1774
3941, 3942
3943, 1750
3759, 3944
3945, 1855
3945, 3946
3947, 1877
3947, 3948
3949, 1760
3819, 3950
3951, 1780
3951, 3952
3953, 2012
3953, 3954
3955, 1842
3955, 3956
3957, 1843
3957, 3958
3959, 1993
3959, 3960
3961, 2014
3961, 3962
3963, 2015
3963, 3964
3965, 1994
3965, 3966
3967, 1995
3967, 3968
3969, 1996
3969, 3970
3971, 1997
3971, 3972
3973, 1771
3931, 3974
3975, 1776
3869, 3976
3977, 2010
3977, 3978
3979, 1845
3979, 3980
3981, 1750
3759, 3982
3983, 1818
3983, 3984
3985, 1802
3985, 3986
3987, 2017
3987, 3988
3989, 1773
3989, 3990
3991, 1799
3991, 3992
3993, 1885
3993, 3994
3995, 1863
3995, 3996
3997, 1795
3997, 3998
3999, 1805
3859, 4000
4001, 1888
4001, 4002
4003, 1966
4003, 4004
4005, 1889
4005, 4006
4007, 1786
4007, 4008
4009, 1801
3769, 4010
4011, 1758
3815, 4012
4013, 1893
4013, 4014
4015, 1894
4015, 4016
4017, 1895
4017, 4018
4019, 1896
4019, 4020
4021, 1897
4021, 4022
4023, 1976
3887, 4024
4025, 2028
4025, 4026
4027, 1898
4027, 4028
4029, 1772
4029, 4030
4031, 2035
4031, 4032
4033, 1835
3773, 4034
4035, 1773
3989, 4036
4037, 1774
3941, 4038
4039, 1775
3939, 4040
4041, 1835
3773, 4042
4043, 2036
4043, 4044
4045, 2037
4045, 4046
4047, 1776
3869, 4048
4049, 2047
4049, 4050
4051, 1777
4051, 4052
4053, 2038
4053, 4054
4055, 2039
4055, 4056
4057, 2040
4057, 4058
4059, 1776
3869, 4060
4061, 2041
4061, 4062
4063, 1836
3775, 4064
4065, 2066
4065, 4066
4067, 2018
4067, 4068
4069, 1958
3853, 4070
4071, 2068
4071, 4072
4073, 2070
4073, 4074
4075, 1776
3869, 4076
4077, 1998
4077, 4078
4079, 2075
4079, 4080
4081, 1776
3869, 4082
4083, 1863
3995, 4084
4085, 1938
4085, 4086
4087, 2086
4087, 4088
4089, 1999
4089, 4090
4091, 1826
4091, 4092
4093, 2088
4093, 4094
4095, 1846
4095, 4096
4097, 1847
4097, 4098
4099, 2089
4099, 4100
4101, 2000
4101, 4102
4103, 2091
4103, 4104
4105, 1848
4105, 4106
4107, 1776
3869, 4108
4109, 2093
4109, 4110
4111, 2001
4111, 4112
4113, 2095
4113, 4114
4115, 2095
4113, 4116
4117, 2096
4117, 4118
4119, 2096
4117, 4120
4121, 2101
4121, 4122
4123, 2104
4123, 4124
4125, 2102
4125, 4126
4127, 2104
4123, 4128
4129, 2106
4129, 4130
4131, 2104
4123, 4132
4133, 2109
4133, 4134
4135, 2105
4135, 4136
4137, 2114
4137, 4138
4139, 2115
4139, 4140
4141, 2116
3761, 4142
4143, 2117
4143, 4144
4145, 2118
4145, 4146
4147, 2119
4147, 4148
4149, 2121
4149, 4150
4151, 2123
4151, 4152
4153, 2124
4153, 4154
4155, 2125
4155, 4156
4157, 2126
4157, 4158
4159, 2127
4159, 4160
4161, 1849
4161, 4162
4163, 2132
4163, 4164
4165, 2133
4165, 4166
4167, 2080
4167, 4168
4169, 2002
4169, 4170
4171, 2135
4171, 4172
4173, 1776
3869, 4174
4175, 2010
3977, 4176
4177, 2142
4177, 4178
4179, 1850
4179, 4180
4181, 1776
3869, 4182
4183, 1762
3827, 4184
4185, 2146
4185, 4186
4187, 1776
3869, 4188
4189, 2148
4189, 4190
4191, 1857
3781, 4192
4193, 1776
3869, 4194
4195, 1776
3869, 4196
4197, 2080
4167, 4198
4199, 2057
4199, 4200
4201, 1938
4085, 4202
4203, 2163
4203, 4204
4205, 2164
4205, 4206
4207, 2166
4207, 4208
4209, 2167
4209, 4210
4211, 2168
4211, 4212
4213, 4214
4215, 1778
4215, 4216
4217, 1779
4217, 4218
4219, 1934
4219, 4220
4221, 1780
3951, 4222
4223, 1787
4223, 4224
4225, 1835
3773, 4226
4227, 1787
4223, 4228
4229, 2160
4229, 4230
4231, 1928
4231, 4232
4233, 1900
4233, 4234
4235, 2029
4235, 4236
4237, 1788
4237, 4238
4239, 1929
4239, 4240
4241, 1993
3959, 4242
4243, 1930
4243, 4244
4245, 1938
4085, 4246
4247, 1937
4247, 4248
4249, 1795
3997, 4250
4251, 2175
4251, 4252
4253, 2057
4199, 4254
4255, 2081
4255, 4256
4257, 2064
4257, 4258
4259, 1776
3869, 4260
4261, 2057
4199, 4262
4263, 1863
3995, 4264
4265, 1776
3869, 4266
4267, 2081
4255, 4268
4269, 2057
4199, 4270
4271, 2083
4271, 4272
4273, 1781
4273, 4274
4275, 2048
4275, 4276
4277, 2049
4277, 4278
4279, 2050
4279, 4280
4281, 1787
4223, 4282
4283, 1788
4237, 4284
4285, 1788
4237, 4286
4287, 2042
4287, 4288
4289, 1787
4223, 4290
4291, 2059
4291, 4292
4293, 2059
4291, 4294
4295, 2059
4291, 4296
4297, 1937
4247, 4298
4299, 1770
3789, 4300
4301, 1913
4301, 4302
4303, 1787
4223, 4304
4305, 1782
4305, 4306
4307, 1800
4307, 4308
4309, 2195
4309, 4310
4311, 1783
4311, 4312
4313, 2032
4313, 4314
4315, 1837
4315, 4316
4317, 2198
4317, 4318
4319, 1827
4319, 4320
4321, 1828
4321, 4322
4323, 2202
4323, 4324
4325, 1784
4325, 4326
4327, 1786
4007, 4328
4329, 2204
4329, 4330
4331, 2206
4331, 4332
4333, 2208
4333, 4334
4335, 2211
4335, 4336
4337, 1863
3995, 4338
4339, 2215
4339, 4340
4341, 1819
4341, 4342
4343, 1787
4223, 4344
4345, 1790
4345, 4346
4347, 1788
4237, 4348
4349, 2218
4349, 4350
4351, 2185
4351, 4352
4353, 1835
3773, 4354
4355, 1791
4355, 4356
4357, 1759
3817, 4358
4359, 1805
3859, 4360
4361, 1901
4361, 4362
4363, 1902
4363, 4364
4365, 2064
4257, 4366
4367, 1788
4237, 4368
4369, 1745
3747, 4370
4371, 1787
4223, 4372
4373, 2111
4373, 4374
4375, 2111
4373, 4376
4377, 1787
4223, 4378
4379, 2186
4379, 4380
4381, 1913
4301, 4382
4383, 1835
3773, 4384
4385, 1938
4085, 4386
4387, 2227
4387, 4388
4389, 1770
3789, 4390
4391, 1938
4085, 4392
4393, 1750
3759, 4394
4395, 1938
4085, 4396
4397, 2081
4255, 4398
4399, 2230
4399, 4400
4401, 1933
3801, 4402
4403, 2142
4177, 4404
4405, 2004
3933, 4406
4407, 1978
4407, 4408
4409, 1903
4409, 4410
4411, 1792
4411, 4412
4413, 1903
4409, 4414
4415, 1793
4415, 4416
4417, 1745
3747, 4418
4419, 1863
3995, 4420
4421, 1745
3747, 4422
4423, 2243
4423, 4424
4425, 1835
3773, 4426
4427, 1851
4427, 4428
4429, 1978
4407, 4430
4431, 1978
4407, 4432
4433, 2231
4433, 4434
4435, 1863
3995, 4436
4437, 2043
4437, 4438
4439, 2064
4257, 4440
4441, 1795
3997, 4442
4443, 1839
3843, 4444
4445, 1839
3843, 4446
4447, 1747
3753, 4448
4449, 4450
4451, 1794
4451, 4452
4453, 1795
3997, 4454
4455, 1904
4455, 4456
4457, 1769
3905, 4458
4459, 1754
3807, 4460
4461, 1787
4223, 4462
4463, 2051
4463, 4464
4465, 2052
4465, 4466
4467, 1796
4467, 4468
4469, 1787
4223, 4470
4471, 1797
4471, 4472
4473, 1907
4473, 4474
4475, 1745
3747, 4476
4477, 1835
3773, 4478
4479, 1798
4479, 4480
4481, 1799
3991, 4482
4483, 1788
4237, 4484
4485, 1835
3773, 4486
4487, 1800
4307, 4488
4489, 1801
3769, 4490
4491, 1748
3755, 4492
4493, 1802
3985, 4494
4495, 1803
4495, 4496
4497, 1940
3821, 4498
4499, 2252
4499, 4500
4501, 1804
4501, 4502
4503, 1805
3859, 4504
4505, 1806
4505, 4506
4507, 1745
3747, 4508
4509, 1745
3747, 4510
4511, 1921
3803, 4512
4513, 1864
4513, 4514
4515, 1835
3773, 4516
4517, 1747
3753, 4518
4519, 1749
3757, 4520
4521, 1909
4521, 4522
4523, 2259
4523, 4524
4525, 2260
4525, 4526
4527, 2262
4527, 4528
4529, 2263
4529, 4530
4531, 2264
4531, 4532
4533, 2265
4533, 4534
4535, 2266
4535, 4536
4537, 2267
4537, 4538
4539, 2268
4539, 4540
4541, 2269
4541, 4542
4543, 2270
4543, 4544
4545, 2010
3977, 4546
4547, 2271
4547, 4548
4549, 2273
4549, 4550
4551, 1754
3807, 4552
4553, 1758
3815, 4554
4555, 1782
4305, 4556
4557, 2033
4557, 4558
