1, 2
2, 1
2, 3
3, 2
8, 9
9, 8
10, 11
11, 10
14, 15
15, 14
16, 17
17, 16
16, 18
18, 16
16, 19
19, 16
20, 21
21, 20
20, 22
22, 20
27, 28
28, 27
27, 29
29, 27
33, 34
34, 33
33, 35
35, 33
33, 36
36, 33
33, 37
37, 33
33, 38
38, 33
41, 42
42, 41
42, 43
43, 42
43, 44
44, 43
50, 51
51, 50
57, 58
58, 57
58, 59
59, 58
79, 80
80, 81
81, 80
80, 81
81, 80
80, 82
82, 80
1765, 82
82, 1765
80, 83
83, 80
1766, 83
83, 1766
0, 84
84, 0
84, 85
85, 86
86, 85
1768, 86
86, 1768
85, 87
87, 85
1769, 87
87, 1769
85, 88
88, 85
1769, 88
88, 1769
2, 89
89, 2
89, 90
90, 91
90, 92
92, 93
93, 92
1774, 93
93, 1774
92, 94
94, 92
1781, 94
94, 1781
92, 95
95, 92
1784, 95
95, 1784
90, 96
90, 97
97, 98
98, 97
1775, 98
98, 1775
97, 99
99, 97
1840, 99
99, 1840
97, 100
100, 97
1841, 100
100, 1841
97, 101
101, 97
1787, 101
101, 1787
97, 102
102, 97
1791, 102
102, 1791
97, 103
103, 97
1792, 103
103, 1792
97, 104
104, 97
1842, 104
104, 1842
97, 105
105, 97
1857, 105
105, 1857
97, 106
106, 97
1871, 106
106, 1871
97, 107
107, 97
1781, 107
107, 1781
97, 108
108, 97
1784, 108
108, 1784
97, 109
109, 97
1845, 109
109, 1845
90, 110
110, 111
111, 110
97, 111
111, 97
110, 112
112, 110
1843, 112
112, 1843
110, 113
113, 110
1842, 113
113, 1842
90, 114
114, 115
115, 114
1841, 115
115, 1841
114, 116
116, 114
1845, 116
116, 1845
114, 117
117, 114
1859, 117
117, 1859
90, 118
118, 119
119, 118
1841, 119
119, 1841
118, 120
120, 118
1860, 120
120, 1860
118, 121
121, 118
1845, 121
121, 1845
118, 122
122, 118
1846, 122
122, 1846
90, 123
123, 124
124, 123
1776, 124
124, 1776
123, 125
125, 123
1876, 125
125, 1876
123, 126
126, 123
1877, 126
126, 1877
123, 127
127, 123
1776, 127
127, 1776
123, 128
128, 123
1879, 128
128, 1879
123, 129
129, 123
1880, 129
129, 1880
90, 130
130, 131
131, 130
1884, 131
131, 1884
130, 132
132, 130
1895, 132
132, 1895
130, 133
133, 130
1776, 133
133, 1776
89, 134
134, 135
135, 134
1786, 135
135, 1786
134, 136
136, 134
1791, 136
136, 1791
134, 137
137, 134
1792, 137
137, 1792
134, 138
138, 134
1816, 138
138, 1816
89, 139
139, 140
140, 139
134, 140
140, 134
139, 141
141, 139
1775, 141
141, 1775
139, 142
142, 139
1826, 142
142, 1826
139, 143
143, 139
1827, 143
143, 1827
139, 144
144, 139
1828, 144
144, 1828
139, 145
145, 139
1829, 145
145, 1829
139, 146
146, 139
1830, 146
146, 1830
2, 147
147, 2
147, 148
148, 149
148, 150
148, 151
147, 152
152, 153
153, 152
1899, 153
153, 1899
152, 154
154, 152
1901, 154
154, 1901
147, 155
155, 156
156, 155
1903, 156
156, 1903
155, 157
157, 155
1905, 157
157, 1905
2, 158
158, 2
158, 159
159, 160
91, 161
161, 91
1841, 161
161, 1841
91, 162
162, 91
1907, 162
162, 1907
159, 163
163, 164
164, 163
1909, 164
164, 1909
159, 165
165, 166
166, 165
1909, 166
166, 1909
165, 167
167, 165
1907, 167
167, 1907
159, 168
168, 169
169, 168
1911, 169
169, 1911
159, 170
170, 171
171, 170
1776, 171
171, 1776
159, 172
2, 173
173, 2
173, 174
174, 175
175, 174
2003, 175
175, 2003
174, 176
176, 174
2004, 176
176, 2004
174, 177
177, 174
2008, 177
177, 2008
174, 178
178, 174
174, 179
179, 174
2005, 179
179, 2005
174, 180
180, 174
2006, 180
180, 2006
173, 181
181, 182
182, 181
174, 182
182, 174
181, 183
183, 181
181, 183
183, 181
181, 184
184, 181
207, 184
184, 207
181, 185
185, 181
207, 185
185, 207
181, 186
186, 181
210, 186
186, 210
181, 187
187, 181
1841, 187
187, 1841
181, 188
188, 181
1920, 188
188, 1920
181, 189
189, 181
1920, 189
189, 1920
181, 190
190, 181
1842, 190
190, 1842
181, 191
191, 181
1821, 191
191, 1821
181, 192
192, 181
1939, 192
192, 1939
181, 193
193, 181
1774, 193
193, 1774
181, 194
194, 181
1915, 194
194, 1915
181, 195
195, 181
1777, 195
195, 1777
181, 196
196, 181
1831, 196
196, 1831
181, 197
197, 181
1933, 197
197, 1933
181, 198
198, 181
1831, 198
198, 1831
181, 199
199, 181
1827, 199
199, 1827
181, 200
200, 181
1832, 200
200, 1832
181, 201
201, 181
1833, 201
201, 1833
181, 202
202, 181
1799, 202
202, 1799
181, 203
203, 181
1942, 203
203, 1942
181, 204
204, 181
1936, 204
204, 1936
181, 205
205, 181
1800, 205
205, 1800
181, 206
206, 181
1778, 206
206, 1778
173, 207
207, 208
208, 207
2037, 208
208, 2037
207, 209
209, 207
1799, 209
209, 1799
173, 210
210, 211
211, 210
1932, 211
211, 1932
210, 212
212, 210
1933, 212
212, 1933
210, 213
213, 210
1831, 213
213, 1831
210, 214
214, 210
1832, 214
214, 1832
210, 215
215, 210
1936, 215
215, 1936
210, 216
216, 210
1833, 216
216, 1833
210, 217
217, 210
1938, 217
217, 1938
173, 218
207, 219
219, 207
2037, 219
219, 2037
2, 220
220, 2
220, 221
221, 222
222, 221
1770, 222
222, 1770
221, 223
223, 221
2028, 223
223, 2028
221, 224
224, 221
1771, 224
224, 1771
221, 225
225, 221
1772, 225
225, 1772
220, 226
226, 227
227, 226
221, 227
227, 221
220, 228
228, 229
229, 228
221, 229
229, 221
220, 230
230, 231
231, 230
221, 231
231, 221
2, 232
232, 2
232, 233
233, 234
234, 233
1841, 234
234, 1841
233, 235
235, 233
1944, 235
235, 1944
233, 236
236, 233
1842, 236
236, 1842
232, 237
237, 238
238, 237
1778, 238
238, 1778
232, 239
239, 240
240, 239
237, 240
240, 237
239, 241
241, 239
1835, 241
241, 1835
2, 242
242, 2
242, 243
2, 244
244, 2
244, 245
244, 246
246, 247
247, 246
1886, 247
247, 1886
246, 248
248, 246
1887, 248
248, 1887
244, 249
249, 250
250, 249
246, 250
250, 246
249, 251
251, 249
246, 251
251, 246
249, 252
252, 249
2062, 252
252, 2062
244, 253
253, 254
254, 253
2065, 254
254, 2065
253, 255
255, 253
2066, 255
255, 2066
253, 256
256, 253
2067, 256
256, 2067
253, 257
257, 253
2068, 257
257, 2068
253, 258
258, 253
2063, 258
258, 2063
253, 259
259, 253
2070, 259
259, 2070
244, 260
244, 261
246, 262
262, 246
1886, 262
262, 1886
246, 263
263, 246
1887, 263
263, 1887
244, 264
249, 265
265, 249
246, 265
265, 246
249, 266
266, 249
246, 266
266, 246
249, 267
267, 249
2062, 267
267, 2062
244, 268
268, 269
269, 268
1430, 269
269, 1430
2, 270
270, 2
270, 271
271, 272
271, 273
271, 274
274, 275
275, 274
273, 275
275, 273
274, 276
276, 274
273, 276
276, 273
274, 277
277, 274
273, 277
277, 273
274, 278
278, 274
273, 278
278, 273
271, 279
279, 280
280, 279
273, 280
280, 273
279, 281
281, 279
273, 281
281, 273
279, 282
282, 279
273, 282
282, 273
279, 283
283, 279
273, 283
283, 273
271, 284
284, 285
285, 284
273, 285
285, 273
284, 286
286, 284
273, 286
286, 273
284, 287
287, 284
273, 287
287, 273
284, 288
288, 284
273, 288
288, 273
284, 289
289, 284
1777, 289
289, 1777
271, 290
290, 291
291, 290
466, 291
291, 466
270, 292
292, 293
292, 294
292, 295
274, 296
296, 274
273, 296
296, 273
274, 297
297, 274
273, 297
297, 273
274, 298
298, 274
273, 298
298, 273
274, 299
299, 274
273, 299
299, 273
292, 300
279, 301
301, 279
273, 301
301, 273
279, 302
302, 279
273, 302
302, 273
279, 303
303, 279
273, 303
303, 273
279, 304
304, 279
273, 304
304, 273
292, 305
284, 306
306, 284
273, 306
306, 273
284, 307
307, 284
273, 307
307, 273
284, 308
308, 284
273, 308
308, 273
284, 309
309, 284
273, 309
309, 273
284, 310
310, 284
1777, 310
310, 1777
292, 311
311, 312
312, 311
284, 312
312, 284
311, 313
313, 311
284, 313
313, 284
311, 314
314, 311
284, 314
314, 284
292, 315
290, 316
316, 290
284, 316
316, 284
290, 317
317, 290
284, 317
317, 284
290, 318
318, 290
284, 318
318, 284
270, 319
319, 320
320, 319
320, 321
320, 322
320, 323
274, 324
324, 274
273, 324
324, 273
274, 325
325, 274
273, 325
325, 273
274, 326
326, 274
273, 326
326, 273
274, 327
327, 274
273, 327
327, 273
320, 328
328, 329
329, 328
273, 329
329, 273
328, 330
330, 328
273, 330
330, 273
328, 331
331, 328
273, 331
331, 273
328, 332
332, 328
273, 332
332, 273
328, 333
333, 328
290, 333
333, 290
328, 334
334, 328
290, 334
334, 290
319, 335
335, 319
335, 336
91, 337
337, 91
290, 337
337, 290
91, 338
338, 91
290, 338
338, 290
335, 339
273, 340
340, 273
290, 340
340, 290
273, 341
341, 273
290, 341
341, 290
335, 342
274, 343
343, 274
273, 343
343, 273
274, 344
344, 274
273, 344
344, 273
274, 345
345, 274
273, 345
345, 273
274, 346
346, 274
273, 346
346, 273
335, 347
328, 348
348, 328
273, 348
348, 273
328, 349
349, 328
273, 349
349, 273
328, 350
350, 328
273, 350
350, 273
328, 351
351, 328
273, 351
351, 273
328, 352
352, 328
239, 352
352, 239
328, 353
353, 328
524, 353
353, 524
319, 354
279, 355
355, 279
284, 355
355, 284
279, 356
356, 279
284, 356
356, 284
279, 357
357, 279
284, 357
357, 284
319, 358
284, 359
359, 284
284, 359
359, 284
284, 360
360, 284
284, 360
360, 284
284, 361
361, 284
284, 361
361, 284
284, 362
362, 284
1777, 362
362, 1777
319, 363
363, 364
364, 363
181, 364
364, 181
363, 365
365, 363
1873, 365
365, 1873
363, 366
366, 363
1778, 366
366, 1778
319, 367
367, 368
368, 367
363, 368
368, 363
367, 369
369, 367
328, 369
369, 328
367, 370
370, 367
328, 370
370, 328
367, 371
371, 367
524, 371
371, 524
367, 372
372, 367
1873, 372
372, 1873
367, 373
373, 367
1841, 373
373, 1841
2, 374
374, 2
374, 375
375, 376
91, 377
377, 91
284, 377
377, 284
91, 378
378, 91
1775, 378
378, 1775
375, 379
375, 380
274, 381
381, 274
273, 381
381, 273
375, 382
279, 383
383, 279
273, 383
383, 273
375, 384
284, 385
385, 284
273, 385
385, 273
284, 386
386, 284
1777, 386
386, 1777
375, 387
387, 388
388, 387
1843, 388
388, 1843
375, 389
389, 390
390, 389
1843, 390
390, 1843
389, 391
391, 389
1818, 391
391, 1818
375, 392
392, 393
393, 392
1857, 393
393, 1857
392, 394
394, 392
1777, 394
394, 1777
392, 395
395, 392
1939, 395
395, 1939
392, 396
396, 392
1932, 396
396, 1932
392, 397
397, 392
1820, 397
397, 1820
392, 398
398, 392
1915, 398
398, 1915
392, 399
399, 392
1948, 399
399, 1948
392, 400
400, 392
1942, 400
400, 1942
392, 401
401, 392
1936, 401
401, 1936
392, 402
402, 392
1933, 402
402, 1933
392, 403
403, 392
1831, 403
403, 1831
392, 404
404, 392
1949, 404
404, 1949
392, 405
405, 392
2074, 405
405, 2074
392, 406
406, 392
1857, 406
406, 1857
392, 407
407, 392
2075, 407
407, 2075
392, 408
408, 392
1778, 408
408, 1778
392, 409
409, 392
2077, 409
409, 2077
392, 410
410, 392
1803, 410
410, 1803
392, 411
411, 392
1843, 411
411, 1843
375, 412
412, 413
413, 412
389, 413
413, 389
412, 414
414, 412
1854, 414
414, 1854
375, 415
415, 416
416, 415
387, 416
416, 387
375, 417
417, 418
418, 417
389, 418
418, 389
375, 419
419, 420
420, 419
387, 420
420, 387
375, 421
421, 422
422, 421
389, 422
422, 389
375, 423
423, 424
424, 423
389, 424
424, 389
423, 425
425, 423
387, 425
425, 387
375, 426
426, 427
427, 426
389, 427
427, 389
375, 428
428, 429
429, 428
389, 429
429, 389
428, 430
430, 428
387, 430
430, 387
428, 431
431, 428
2079, 431
431, 2079
375, 432
432, 433
433, 432
387, 433
433, 387
432, 434
434, 432
389, 434
434, 389
375, 435
435, 436
436, 435
389, 436
436, 389
435, 437
437, 435
387, 437
437, 387
375, 438
438, 439
439, 438
389, 439
439, 389
375, 440
440, 441
441, 440
389, 441
441, 389
440, 442
442, 440
387, 442
442, 387
440, 443
443, 440
1920, 443
443, 1920
440, 444
444, 440
1843, 444
444, 1843
440, 445
445, 440
1778, 445
445, 1778
375, 446
375, 447
447, 448
448, 447
181, 448
448, 181
447, 449
449, 447
1817, 449
449, 1817
447, 450
450, 447
1820, 450
450, 1820
447, 451
451, 447
1774, 451
451, 1774
447, 452
452, 447
1827, 452
452, 1827
447, 453
453, 447
1829, 453
453, 1829
447, 454
454, 447
1857, 454
454, 1857
447, 455
455, 447
1843, 455
455, 1843
447, 456
456, 447
1794, 456
456, 1794
375, 457
457, 458
458, 457
389, 458
458, 389
457, 459
459, 457
2087, 459
459, 2087
374, 460
374, 461
374, 462
374, 463
374, 464
464, 465
465, 464
1768, 465
465, 1768
374, 466
466, 467
467, 466
464, 467
467, 464
466, 468
468, 466
389, 468
468, 389
466, 469
469, 466
1843, 469
469, 1843
466, 470
470, 466
1920, 470
470, 1920
466, 471
471, 466
1799, 471
471, 1799
466, 472
472, 466
1796, 472
472, 1796
466, 473
473, 466
1795, 473
473, 1795
466, 474
474, 466
1779, 474
474, 1779
2, 475
475, 2
475, 476
476, 477
477, 478
478, 477
1804, 478
478, 1804
477, 479
479, 477
1794, 479
479, 1794
476, 480
480, 481
481, 480
1796, 481
481, 1796
480, 482
482, 480
1804, 482
482, 1804
480, 483
483, 480
1794, 483
483, 1794
476, 484
484, 485
485, 484
1796, 485
485, 1796
484, 486
486, 484
2089, 486
486, 2089
476, 487
487, 488
488, 487
2090, 488
488, 2090
476, 489
489, 490
490, 489
2091, 490
490, 2091
476, 491
491, 492
492, 491
2091, 492
492, 2091
476, 493
493, 494
494, 493
2092, 494
494, 2092
476, 495
495, 496
496, 495
1794, 496
496, 1794
495, 497
497, 495
1804, 497
497, 1804
495, 498
498, 495
1796, 498
498, 1796
476, 499
499, 500
500, 499
1794, 500
500, 1794
499, 501
501, 499
1804, 501
501, 1804
499, 502
502, 499
1796, 502
502, 1796
499, 503
503, 499
1843, 503
503, 1843
476, 504
504, 505
505, 504
1794, 505
505, 1794
504, 506
506, 504
1804, 506
506, 1804
504, 507
507, 504
1796, 507
507, 1796
504, 508
508, 504
1843, 508
508, 1843
475, 509
509, 510
510, 509
1884, 510
510, 1884
509, 511
511, 509
1895, 511
511, 1895
509, 512
512, 509
1800, 512
512, 1800
509, 513
513, 509
1888, 513
513, 1888
509, 514
514, 509
1889, 514
514, 1889
475, 515
515, 516
516, 515
1841, 516
516, 1841
515, 517
517, 515
1866, 517
517, 1866
515, 518
518, 515
1920, 518
518, 1920
515, 519
519, 515
1845, 519
519, 1845
515, 520
520, 515
1842, 520
520, 1842
515, 521
521, 515
1791, 521
521, 1791
475, 522
522, 523
523, 522
1884, 523
523, 1884
475, 524
475, 525
475, 526
526, 527
527, 526
525, 527
527, 525
526, 528
528, 526
570, 528
528, 570
526, 529
529, 526
565, 529
529, 565
526, 530
530, 526
181, 530
530, 181
526, 531
531, 526
466, 531
531, 466
526, 532
532, 526
1939, 532
532, 1939
526, 533
533, 526
1777, 533
533, 1777
526, 534
534, 526
1820, 534
534, 1820
526, 535
535, 526
526, 536
536, 526
526, 537
537, 526
1835, 537
537, 1835
526, 538
538, 526
1951, 538
538, 1951
526, 539
539, 526
1915, 539
539, 1915
475, 540
540, 541
541, 540
1794, 541
541, 1794
540, 542
542, 540
2097, 542
542, 2097
540, 543
543, 540
2011, 543
543, 2011
475, 544
544, 545
545, 544
1777, 545
545, 1777
544, 546
546, 544
1833, 546
546, 1833
544, 547
547, 544
1832, 547
547, 1832
544, 548
548, 544
1932, 548
548, 1932
544, 549
549, 544
1933, 549
549, 1933
544, 550
550, 544
1831, 550
550, 1831
544, 551
551, 544
1942, 551
551, 1942
544, 552
552, 544
1915, 552
552, 1915
475, 553
553, 554
554, 553
1794, 554
554, 1794
475, 555
475, 556
556, 557
557, 556
1950, 557
557, 1950
475, 558
558, 559
559, 558
152, 559
559, 152
475, 560
475, 561
561, 562
562, 561
1833, 562
562, 1833
561, 563
563, 561
1827, 563
563, 1827
561, 564
564, 561
1829, 564
564, 1829
475, 565
565, 566
566, 565
515, 566
566, 515
565, 567
567, 565
565, 568
568, 565
565, 569
569, 565
2035, 569
569, 2035
475, 570
475, 571
571, 572
572, 571
181, 572
572, 181
571, 573
573, 571
1788, 573
573, 1788
571, 574
574, 571
1841, 574
574, 1841
571, 575
575, 571
1862, 575
575, 1862
571, 576
576, 571
1867, 576
576, 1867
571, 577
577, 571
1855, 577
577, 1855
571, 578
578, 571
1799, 578
578, 1799
571, 579
579, 571
1846, 579
579, 1846
571, 580
580, 571
1873, 580
580, 1873
571, 581
581, 571
1842, 581
581, 1842
571, 582
582, 571
1856, 582
582, 1856
571, 583
583, 571
1817, 583
583, 1817
571, 584
584, 571
1820, 584
584, 1820
571, 585
585, 571
1863, 585
585, 1863
571, 586
586, 571
1915, 586
586, 1915
571, 587
587, 571
1791, 587
587, 1791
571, 588
588, 571
1786, 588
588, 1786
571, 589
589, 571
1787, 589
589, 1787
475, 590
475, 591
591, 592
592, 591
1805, 592
592, 1805
475, 593
593, 594
594, 593
1795, 594
594, 1795
593, 595
595, 593
1796, 595
595, 1796
593, 596
596, 593
1794, 596
596, 1794
475, 597
597, 598
598, 597
1788, 598
598, 1788
597, 599
599, 597
1786, 599
599, 1786
597, 600
600, 597
1800, 600
600, 1800
2, 601
601, 2
601, 602
602, 603
91, 604
604, 91
1843, 604
604, 1843
602, 605
602, 606
602, 607
602, 608
608, 609
609, 608
1817, 609
609, 1817
602, 610
602, 611
611, 612
612, 611
1793, 612
612, 1793
611, 613
613, 611
1818, 613
613, 1818
611, 614
614, 611
1794, 614
614, 1794
611, 615
615, 611
1795, 615
615, 1795
611, 616
616, 611
1796, 616
616, 1796
602, 617
617, 618
618, 617
1861, 618
618, 1861
602, 619
602, 620
602, 621
621, 622
622, 621
1915, 622
622, 1915
602, 623
623, 624
624, 623
1465, 624
624, 1465
623, 625
625, 623
1466, 625
625, 1466
623, 626
626, 623
1463, 626
626, 1463
623, 627
627, 623
1469, 627
627, 1469
623, 628
628, 623
1817, 628
628, 1817
602, 629
629, 630
630, 629
1465, 630
630, 1465
629, 631
631, 629
1466, 631
631, 1466
629, 632
632, 629
1469, 632
632, 1469
629, 633
633, 629
1485, 633
633, 1485
629, 634
634, 629
1494, 634
634, 1494
629, 635
635, 629
1497, 635
635, 1497
629, 636
636, 629
1498, 636
636, 1498
629, 637
637, 629
1840, 637
637, 1840
629, 638
638, 629
1915, 638
638, 1915
629, 639
639, 629
1920, 639
639, 1920
629, 640
640, 629
1843, 640
640, 1843
602, 641
641, 642
642, 641
1782, 642
642, 1782
641, 643
643, 641
1837, 643
643, 1837
641, 644
644, 641
1827, 644
644, 1827
641, 645
645, 641
1829, 645
645, 1829
641, 646
646, 641
1794, 646
646, 1794
641, 647
647, 641
1797, 647
647, 1797
602, 648
648, 649
649, 648
1896, 649
649, 1896
648, 650
650, 648
1920, 650
650, 1920
648, 651
651, 648
1843, 651
651, 1843
648, 652
652, 648
1988, 652
652, 1988
648, 653
653, 648
1990, 653
653, 1990
602, 654
654, 655
655, 654
1920, 655
655, 1920
654, 656
656, 654
1993, 656
656, 1993
602, 657
657, 658
658, 657
1788, 658
658, 1788
657, 659
659, 657
1847, 659
659, 1847
657, 660
660, 657
1995, 660
660, 1995
602, 661
661, 662
662, 661
1819, 662
662, 1819
661, 663
663, 661
1794, 663
663, 1794
661, 664
664, 661
1997, 664
664, 1997
602, 665
665, 666
666, 665
1819, 666
666, 1819
665, 667
667, 665
1841, 667
667, 1841
665, 668
668, 665
1984, 668
668, 1984
665, 669
669, 665
1920, 669
669, 1920
665, 670
670, 665
1847, 670
670, 1847
665, 671
671, 665
1920, 671
671, 1920
665, 672
672, 665
2001, 672
672, 2001
602, 673
673, 674
674, 673
1819, 674
674, 1819
602, 675
675, 676
676, 675
1505, 676
676, 1505
602, 677
677, 678
678, 677
1476, 678
678, 1476
677, 679
679, 677
1485, 679
679, 1485
677, 680
680, 677
1494, 680
680, 1494
677, 681
681, 677
1480, 681
681, 1480
677, 682
682, 677
1497, 682
682, 1497
677, 683
683, 677
1498, 683
683, 1498
677, 684
684, 677
1499, 684
684, 1499
677, 685
685, 677
1817, 685
685, 1817
677, 686
686, 677
1788, 686
686, 1788
677, 687
687, 677
2010, 687
687, 2010
602, 688
688, 689
689, 688
1820, 689
689, 1820
688, 690
690, 688
1843, 690
690, 1843
688, 691
691, 688
1798, 691
691, 1798
602, 692
692, 693
693, 692
1841, 693
693, 1841
692, 694
694, 692
1920, 694
694, 1920
692, 695
695, 692
1817, 695
695, 1817
692, 696
696, 692
1804, 696
696, 1804
692, 697
697, 692
1849, 697
697, 1849
692, 698
698, 692
1850, 698
698, 1850
692, 699
699, 692
1791, 699
699, 1791
692, 700
700, 692
1791, 700
700, 1791
692, 701
701, 692
1862, 701
701, 1862
692, 702
702, 692
1920, 702
702, 1920
692, 703
703, 692
1794, 703
703, 1794
602, 704
704, 705
705, 704
1818, 705
705, 1818
602, 706
602, 707
707, 708
708, 707
1984, 708
708, 1984
707, 709
709, 707
2025, 709
709, 2025
602, 710
710, 711
711, 710
1817, 711
711, 1817
710, 712
712, 710
1857, 712
712, 1857
710, 713
713, 710
2020, 713
713, 2020
602, 714
714, 715
715, 714
1863, 715
715, 1863
602, 716
716, 717
717, 716
1843, 717
717, 1843
716, 718
718, 716
1862, 718
718, 1862
716, 719
719, 716
1817, 719
719, 1817
602, 720
720, 721
721, 720
1920, 721
721, 1920
720, 722
722, 720
1843, 722
722, 1843
602, 723
723, 724
724, 723
1817, 724
724, 1817
723, 725
725, 723
1843, 725
725, 1843
723, 726
726, 723
1920, 726
726, 1920
602, 727
727, 728
728, 727
1817, 728
728, 1817
727, 729
729, 727
1843, 729
729, 1843
727, 730
730, 727
1920, 730
730, 1920
602, 731
731, 732
732, 731
1827, 732
732, 1827
731, 733
733, 731
1821, 733
733, 1821
731, 734
734, 731
2027, 734
734, 2027
731, 735
735, 731
2031, 735
735, 2031
731, 736
736, 731
1925, 736
736, 1925
731, 737
737, 731
1926, 737
737, 1926
731, 738
738, 731
1927, 738
738, 1927
731, 739
739, 731
1928, 739
739, 1928
731, 740
740, 731
1915, 740
740, 1915
731, 741
741, 731
1929, 741
741, 1929
731, 742
742, 731
1930, 742
742, 1930
602, 743
743, 744
744, 743
1827, 744
744, 1827
743, 745
745, 743
1925, 745
745, 1925
743, 746
746, 743
1926, 746
746, 1926
743, 747
747, 743
1927, 747
747, 1927
743, 748
748, 743
1931, 748
748, 1931
602, 749
602, 750
750, 751
751, 750
1843, 751
751, 1843
602, 752
602, 753
753, 754
754, 753
1822, 754
754, 1822
753, 755
755, 753
2039, 755
755, 2039
602, 756
756, 757
757, 756
1822, 757
757, 1822
756, 758
758, 756
1847, 758
758, 1847
756, 759
759, 756
2041, 759
759, 2041
602, 760
760, 761
761, 760
1822, 761
761, 1822
760, 762
762, 760
2043, 762
762, 2043
602, 763
763, 764
764, 763
1822, 764
764, 1822
763, 765
765, 763
2044, 765
765, 2044
602, 766
766, 767
767, 766
1822, 767
767, 1822
766, 768
768, 766
2046, 768
768, 2046
602, 769
769, 770
770, 769
1822, 770
770, 1822
769, 771
771, 769
1841, 771
771, 1841
769, 772
772, 769
2048, 772
772, 2048
769, 773
773, 769
1847, 773
773, 1847
602, 774
774, 775
775, 774
1822, 775
775, 1822
774, 776
776, 774
1841, 776
776, 1841
774, 777
777, 774
1774, 777
777, 1774
774, 778
778, 774
1847, 778
778, 1847
602, 779
268, 780
780, 268
1430, 780
780, 1430
602, 781
602, 782
782, 783
783, 782
2051, 783
783, 2051
602, 784
784, 785
785, 784
1817, 785
785, 1817
784, 786
786, 784
1821, 786
786, 1821
784, 787
787, 784
2054, 787
787, 2054
784, 788
788, 784
1841, 788
788, 1841
784, 789
789, 784
1796, 789
789, 1796
784, 790
790, 784
1915, 790
790, 1915
602, 791
791, 792
792, 791
1915, 792
792, 1915
602, 793
602, 794
602, 795
795, 796
796, 795
1840, 796
796, 1840
795, 797
797, 795
1817, 797
797, 1817
602, 798
798, 799
799, 798
1817, 799
799, 1817
798, 800
800, 798
1799, 800
800, 1799
798, 801
801, 798
2037, 801
801, 2037
602, 802
602, 803
602, 804
602, 805
170, 806
806, 170
1884, 806
806, 1884
170, 807
807, 170
1895, 807
807, 1895
170, 808
808, 170
1847, 808
808, 1847
170, 809
809, 170
1920, 809
809, 1920
170, 810
810, 170
1879, 810
810, 1879
170, 811
811, 170
1823, 811
811, 1823
170, 812
812, 170
1880, 812
812, 1880
170, 813
813, 170
1881, 813
813, 1881
170, 814
814, 170
1882, 814
814, 1882
602, 815
815, 816
816, 815
1884, 816
816, 1884
815, 817
817, 815
1817, 817
817, 1817
815, 818
818, 815
1793, 818
818, 1793
815, 819
819, 815
1847, 819
819, 1847
815, 820
820, 815
1920, 820
820, 1920
815, 821
821, 815
1895, 821
821, 1895
815, 822
822, 815
1879, 822
822, 1879
815, 823
823, 815
1823, 823
823, 1823
815, 824
824, 815
1880, 824
824, 1880
815, 825
825, 815
1881, 825
825, 1881
815, 826
826, 815
1882, 826
826, 1882
602, 827
827, 828
828, 827
1884, 828
828, 1884
827, 829
829, 827
1895, 829
829, 1895
827, 830
830, 827
1880, 830
830, 1880
827, 831
831, 827
1881, 831
831, 1881
827, 832
832, 827
1882, 832
832, 1882
602, 833
833, 834
834, 833
1817, 834
834, 1817
833, 835
835, 833
1841, 835
835, 1841
833, 836
836, 833
1842, 836
836, 1842
833, 837
837, 833
1920, 837
837, 1920
833, 838
838, 833
1823, 838
838, 1823
833, 839
839, 833
1864, 839
839, 1864
833, 840
840, 833
1770, 840
840, 1770
833, 841
841, 833
1852, 841
841, 1852
602, 842
602, 843
602, 844
844, 845
845, 844
1864, 845
845, 1864
844, 846
846, 844
1770, 846
846, 1770
602, 847
847, 848
848, 847
1864, 848
848, 1864
847, 849
849, 847
1770, 849
849, 1770
847, 850
850, 847
1852, 850
850, 1852
602, 851
851, 852
852, 851
1842, 852
852, 1842
851, 853
853, 851
1841, 853
853, 1841
851, 854
854, 851
1920, 854
854, 1920
851, 855
855, 851
1920, 855
855, 1920
851, 856
856, 851
1847, 856
856, 1847
602, 857
857, 858
858, 857
1841, 858
858, 1841
602, 859
859, 860
860, 859
1801, 860
860, 1801
601, 861
861, 862
862, 861
602, 863
91, 864
864, 91
1843, 864
864, 1843
602, 865
602, 866
602, 867
602, 868
608, 869
869, 608
1817, 869
869, 1817
602, 870
602, 871
611, 872
872, 611
1793, 872
872, 1793
611, 873
873, 611
1818, 873
873, 1818
611, 874
874, 611
1794, 874
874, 1794
611, 875
875, 611
1795, 875
875, 1795
611, 876
876, 611
1796, 876
876, 1796
602, 877
617, 878
878, 617
1861, 878
878, 1861
602, 879
602, 880
602, 881
621, 882
882, 621
1915, 882
882, 1915
602, 883
623, 884
884, 623
1465, 884
884, 1465
623, 885
885, 623
1466, 885
885, 1466
623, 886
886, 623
1463, 886
886, 1463
623, 887
887, 623
1469, 887
887, 1469
623, 888
888, 623
1817, 888
888, 1817
602, 889
629, 890
890, 629
1465, 890
890, 1465
629, 891
891, 629
1466, 891
891, 1466
629, 892
892, 629
1469, 892
892, 1469
629, 893
893, 629
1485, 893
893, 1485
629, 894
894, 629
1494, 894
894, 1494
629, 895
895, 629
1497, 895
895, 1497
629, 896
896, 629
1498, 896
896, 1498
629, 897
897, 629
1840, 897
897, 1840
629, 898
898, 629
1915, 898
898, 1915
629, 899
899, 629
1920, 899
899, 1920
629, 900
900, 629
1843, 900
900, 1843
602, 901
641, 902
902, 641
1782, 902
902, 1782
641, 903
903, 641
1837, 903
903, 1837
641, 904
904, 641
1827, 904
904, 1827
641, 905
905, 641
1829, 905
905, 1829
641, 906
906, 641
1794, 906
906, 1794
641, 907
907, 641
1797, 907
907, 1797
602, 908
648, 909
909, 648
1896, 909
909, 1896
648, 910
910, 648
1920, 910
910, 1920
648, 911
911, 648
1843, 911
911, 1843
648, 912
912, 648
1988, 912
912, 1988
648, 913
913, 648
1990, 913
913, 1990
602, 914
654, 915
915, 654
1920, 915
915, 1920
654, 916
916, 654
1993, 916
916, 1993
602, 917
657, 918
918, 657
1788, 918
918, 1788
657, 919
919, 657
1847, 919
919, 1847
657, 920
920, 657
1995, 920
920, 1995
602, 921
661, 922
922, 661
1819, 922
922, 1819
661, 923
923, 661
1794, 923
923, 1794
661, 924
924, 661
1997, 924
924, 1997
602, 925
665, 926
926, 665
1819, 926
926, 1819
665, 927
927, 665
1841, 927
927, 1841
665, 928
928, 665
1984, 928
928, 1984
665, 929
929, 665
1920, 929
929, 1920
665, 930
930, 665
1847, 930
930, 1847
665, 931
931, 665
1920, 931
931, 1920
665, 932
932, 665
2001, 932
932, 2001
602, 933
673, 934
934, 673
1819, 934
934, 1819
602, 935
675, 936
936, 675
1505, 936
936, 1505
602, 937
677, 938
938, 677
1476, 938
938, 1476
677, 939
939, 677
1485, 939
939, 1485
677, 940
940, 677
1494, 940
940, 1494
677, 941
941, 677
1480, 941
941, 1480
677, 942
942, 677
1497, 942
942, 1497
677, 943
943, 677
1498, 943
943, 1498
677, 944
944, 677
1499, 944
944, 1499
677, 945
945, 677
1817, 945
945, 1817
677, 946
946, 677
1788, 946
946, 1788
677, 947
947, 677
2010, 947
947, 2010
602, 948
688, 949
949, 688
1820, 949
949, 1820
688, 950
950, 688
1843, 950
950, 1843
688, 951
951, 688
1798, 951
951, 1798
602, 952
692, 953
953, 692
1841, 953
953, 1841
692, 954
954, 692
1920, 954
954, 1920
692, 955
955, 692
1817, 955
955, 1817
692, 956
956, 692
1804, 956
956, 1804
692, 957
957, 692
1849, 957
957, 1849
692, 958
958, 692
1850, 958
958, 1850
692, 959
959, 692
1791, 959
959, 1791
692, 960
960, 692
1791, 960
960, 1791
692, 961
961, 692
1862, 961
961, 1862
692, 962
962, 692
1920, 962
962, 1920
692, 963
963, 692
1794, 963
963, 1794
602, 964
704, 965
965, 704
1818, 965
965, 1818
602, 966
602, 967
707, 968
968, 707
1984, 968
968, 1984
707, 969
969, 707
2025, 969
969, 2025
602, 970
710, 971
971, 710
1817, 971
971, 1817
710, 972
972, 710
1857, 972
972, 1857
710, 973
973, 710
2020, 973
973, 2020
602, 974
714, 975
975, 714
1863, 975
975, 1863
602, 976
716, 977
977, 716
1843, 977
977, 1843
716, 978
978, 716
1862, 978
978, 1862
716, 979
979, 716
1817, 979
979, 1817
602, 980
720, 981
981, 720
1920, 981
981, 1920
720, 982
982, 720
1843, 982
982, 1843
602, 983
723, 984
984, 723
1817, 984
984, 1817
723, 985
985, 723
1843, 985
985, 1843
723, 986
986, 723
1920, 986
986, 1920
602, 987
727, 988
988, 727
1817, 988
988, 1817
727, 989
989, 727
1843, 989
989, 1843
727, 990
990, 727
1920, 990
990, 1920
602, 991
731, 992
992, 731
1827, 992
992, 1827
731, 993
993, 731
1821, 993
993, 1821
731, 994
994, 731
2027, 994
994, 2027
731, 995
995, 731
2031, 995
995, 2031
731, 996
996, 731
1925, 996
996, 1925
731, 997
997, 731
1926, 997
997, 1926
731, 998
998, 731
1927, 998
998, 1927
731, 999
999, 731
1928, 999
999, 1928
731, 1000
1000, 731
1915, 1000
1000, 1915
731, 1001
1001, 731
1929, 1001
1001, 1929
731, 1002
1002, 731
1930, 1002
1002, 1930
602, 1003
743, 1004
1004, 743
1827, 1004
1004, 1827
743, 1005
1005, 743
1925, 1005
1005, 1925
743, 1006
1006, 743
1926, 1006
1006, 1926
743, 1007
1007, 743
1927, 1007
1007, 1927
743, 1008
1008, 743
1931, 1008
1008, 1931
602, 1009
602, 1010
750, 1011
1011, 750
1843, 1011
1011, 1843
602, 1012
602, 1013
753, 1014
1014, 753
1822, 1014
1014, 1822
753, 1015
1015, 753
2039, 1015
1015, 2039
602, 1016
756, 1017
1017, 756
1822, 1017
1017, 1822
756, 1018
1018, 756
1847, 1018
1018, 1847
756, 1019
1019, 756
2041, 1019
1019, 2041
602, 1020
760, 1021
1021, 760
1822, 1021
1021, 1822
760, 1022
1022, 760
2043, 1022
1022, 2043
602, 1023
763, 1024
1024, 763
1822, 1024
1024, 1822
763, 1025
1025, 763
2044, 1025
1025, 2044
602, 1026
766, 1027
1027, 766
1822, 1027
1027, 1822
766, 1028
1028, 766
2046, 1028
1028, 2046
602, 1029
769, 1030
1030, 769
1822, 1030
1030, 1822
769, 1031
1031, 769
1841, 1031
1031, 1841
769, 1032
1032, 769
2048, 1032
1032, 2048
769, 1033
1033, 769
1847, 1033
1033, 1847
602, 1034
774, 1035
1035, 774
1822, 1035
1035, 1822
774, 1036
1036, 774
1841, 1036
1036, 1841
774, 1037
1037, 774
1774, 1037
1037, 1774
774, 1038
1038, 774
1847, 1038
1038, 1847
602, 1039
268, 1040
1040, 268
1430, 1040
1040, 1430
602, 1041
602, 1042
782, 1043
1043, 782
2051, 1043
1043, 2051
602, 1044
784, 1045
1045, 784
1817, 1045
1045, 1817
784, 1046
1046, 784
1821, 1046
1046, 1821
784, 1047
1047, 784
2054, 1047
1047, 2054
784, 1048
1048, 784
1841, 1048
1048, 1841
784, 1049
1049, 784
1796, 1049
1049, 1796
784, 1050
1050, 784
1915, 1050
1050, 1915
602, 1051
791, 1052
1052, 791
1915, 1052
1052, 1915
602, 1053
602, 1054
602, 1055
795, 1056
1056, 795
1840, 1056
1056, 1840
795, 1057
1057, 795
1817, 1057
1057, 1817
602, 1058
798, 1059
1059, 798
1817, 1059
1059, 1817
798, 1060
1060, 798
1799, 1060
1060, 1799
798, 1061
1061, 798
2037, 1061
1061, 2037
602, 1062
602, 1063
602, 1064
602, 1065
170, 1066
1066, 170
1884, 1066
1066, 1884
170, 1067
1067, 170
1895, 1067
1067, 1895
170, 1068
1068, 170
1847, 1068
1068, 1847
170, 1069
1069, 170
1920, 1069
1069, 1920
170, 1070
1070, 170
1879, 1070
1070, 1879
170, 1071
1071, 170
1823, 1071
1071, 1823
170, 1072
1072, 170
1880, 1072
1072, 1880
170, 1073
1073, 170
1881, 1073
1073, 1881
170, 1074
1074, 170
1882, 1074
1074, 1882
602, 1075
815, 1076
1076, 815
1884, 1076
1076, 1884
815, 1077
1077, 815
1817, 1077
1077, 1817
815, 1078
1078, 815
1793, 1078
1078, 1793
815, 1079
1079, 815
1847, 1079
1079, 1847
815, 1080
1080, 815
1920, 1080
1080, 1920
815, 1081
1081, 815
1895, 1081
1081, 1895
815, 1082
1082, 815
1879, 1082
1082, 1879
815, 1083
1083, 815
1823, 1083
1083, 1823
815, 1084
1084, 815
1880, 1084
1084, 1880
815, 1085
1085, 815
1881, 1085
1085, 1881
815, 1086
1086, 815
1882, 1086
1086, 1882
602, 1087
827, 1088
1088, 827
1884, 1088
1088, 1884
827, 1089
1089, 827
1895, 1089
1089, 1895
827, 1090
1090, 827
1880, 1090
1090, 1880
827, 1091
1091, 827
1881, 1091
1091, 1881
827, 1092
1092, 827
1882, 1092
1092, 1882
602, 1093
833, 1094
1094, 833
1817, 1094
1094, 1817
833, 1095
1095, 833
1841, 1095
1095, 1841
833, 1096
1096, 833
1842, 1096
1096, 1842
833, 1097
1097, 833
1920, 1097
1097, 1920
833, 1098
1098, 833
1823, 1098
1098, 1823
833, 1099
1099, 833
1864, 1099
1099, 1864
833, 1100
1100, 833
1770, 1100
1100, 1770
833, 1101
1101, 833
1852, 1101
1101, 1852
602, 1102
602, 1103
602, 1104
844, 1105
1105, 844
1864, 1105
1105, 1864
844, 1106
1106, 844
1770, 1106
1106, 1770
602, 1107
847, 1108
1108, 847
1864, 1108
1108, 1864
847, 1109
1109, 847
1770, 1109
1109, 1770
847, 1110
1110, 847
1852, 1110
1110, 1852
602, 1111
851, 1112
1112, 851
1842, 1112
1112, 1842
851, 1113
1113, 851
1841, 1113
1113, 1841
851, 1114
1114, 851
1920, 1114
1114, 1920
851, 1115
1115, 851
1920, 1115
1115, 1920
851, 1116
1116, 851
1847, 1116
1116, 1847
602, 1117
857, 1118
1118, 857
1841, 1118
1118, 1841
602, 1119
859, 1120
1120, 859
1801, 1120
1120, 1801
861, 1121
1121, 861
1121, 1122
91, 1123
1123, 91
239, 1123
1123, 239
91, 1124
1124, 91
1946, 1124
1124, 1946
91, 1125
1125, 91
1942, 1125
1125, 1942
1121, 1126
1121, 1127
1121, 1128
1121, 1129
629, 1130
1130, 629
1450, 1130
1130, 1450
629, 1131
1131, 629
1459, 1131
1131, 1459
629, 1132
1132, 629
1840, 1132
1132, 1840
629, 1133
1133, 629
1984, 1133
1133, 1984
629, 1134
1134, 629
1920, 1134
1134, 1920
629, 1135
1135, 629
1841, 1135
1135, 1841
1121, 1136
720, 1137
1137, 720
1843, 1137
1137, 1843
1121, 1138
793, 1139
1139, 793
1854, 1139
1139, 1854
1121, 1140
795, 1141
1141, 795
1840, 1141
1141, 1840
795, 1142
1142, 795
1817, 1142
1142, 1817
795, 1143
1143, 795
1854, 1143
1143, 1854
1121, 1144
268, 1145
1145, 268
1430, 1145
1145, 1430
1121, 1146
1146, 1147
1147, 1146
1802, 1147
1147, 1802
1121, 1148
623, 1149
1149, 623
1450, 1149
1149, 1450
623, 1150
1150, 623
1457, 1150
1150, 1457
623, 1151
1151, 623
1459, 1151
1151, 1459
623, 1152
1152, 623
1854, 1152
1152, 1854
623, 1153
1153, 623
1984, 1153
1153, 1984
1121, 1154
1154, 1155
1155, 1154
1817, 1155
1155, 1817
1121, 1156
610, 1157
1157, 610
1854, 1157
1157, 1854
1121, 1158
611, 1159
1159, 611
1793, 1159
1159, 1793
611, 1160
1160, 611
1818, 1160
1160, 1818
611, 1161
1161, 611
1794, 1161
1161, 1794
611, 1162
1162, 611
1795, 1162
1162, 1795
611, 1163
1163, 611
1796, 1163
1163, 1796
611, 1164
1164, 611
1854, 1164
1164, 1854
1121, 1165
1165, 1166
1166, 1165
1817, 1166
1166, 1817
1165, 1167
1167, 1165
2037, 1167
1167, 2037
1121, 1168
1168, 1169
1169, 1168
1984, 1169
1169, 1984
1121, 1170
1121, 1171
170, 1172
1172, 170
1884, 1172
1172, 1884
170, 1173
1173, 170
1895, 1173
1173, 1895
170, 1174
1174, 170
1920, 1174
1174, 1920
170, 1175
1175, 170
1920, 1175
1175, 1920
170, 1176
1176, 170
1879, 1176
1176, 1879
170, 1177
1177, 170
1823, 1177
1177, 1823
170, 1178
1178, 170
1880, 1178
1178, 1880
170, 1179
1179, 170
1881, 1179
1179, 1881
170, 1180
1180, 170
1882, 1180
1180, 1882
1121, 1181
815, 1182
1182, 815
1817, 1182
1182, 1817
815, 1183
1183, 815
1884, 1183
1183, 1884
815, 1184
1184, 815
1895, 1184
1184, 1895
815, 1185
1185, 815
1920, 1185
1185, 1920
815, 1186
1186, 815
1879, 1186
1186, 1879
815, 1187
1187, 815
1823, 1187
1187, 1823
815, 1188
1188, 815
1880, 1188
1188, 1880
815, 1189
1189, 815
1881, 1189
1189, 1881
815, 1190
1190, 815
1882, 1190
1190, 1882
1121, 1191
827, 1192
1192, 827
1884, 1192
1192, 1884
827, 1193
1193, 827
1895, 1193
1193, 1895
827, 1194
1194, 827
1920, 1194
1194, 1920
1121, 1195
833, 1196
1196, 833
1817, 1196
1196, 1817
833, 1197
1197, 833
1841, 1197
1197, 1841
833, 1198
1198, 833
1842, 1198
1198, 1842
833, 1199
1199, 833
1920, 1199
1199, 1920
833, 1200
1200, 833
1823, 1200
1200, 1823
833, 1201
1201, 833
1920, 1201
1201, 1920
833, 1202
1202, 833
1864, 1202
1202, 1864
833, 1203
1203, 833
1770, 1203
1203, 1770
833, 1204
1204, 833
1852, 1204
1204, 1852
1121, 1205
857, 1206
1206, 857
1920, 1206
1206, 1920
857, 1207
1207, 857
1841, 1207
1207, 1841
1121, 1208
1208, 1209
1209, 1208
1841, 1209
1209, 1841
1208, 1210
1210, 1208
1854, 1210
1210, 1854
1208, 1211
1211, 1208
1853, 1211
1211, 1853
1208, 1212
1212, 1208
1915, 1212
1212, 1915
1208, 1213
1213, 1208
1884, 1213
1213, 1884
1208, 1214
1214, 1208
1897, 1214
1214, 1897
1121, 1215
1215, 1216
1216, 1215
1841, 1216
1216, 1841
1215, 1217
1217, 1215
1854, 1217
1217, 1854
1215, 1218
1218, 1215
1847, 1218
1218, 1847
861, 1219
91, 1220
1220, 91
1237, 1220
1220, 1237
91, 1221
1221, 91
1337, 1221
1221, 1337
91, 1222
1222, 91
1331, 1222
1222, 1331
91, 1223
1223, 91
1343, 1223
1223, 1343
91, 1224
1224, 91
1322, 1224
1224, 1322
861, 1225
279, 1226
1226, 279
1322, 1226
1226, 1322
861, 1227
284, 1228
1228, 284
1322, 1228
1228, 1322
284, 1229
1229, 284
1242, 1229
1229, 1242
284, 1230
1230, 284
1777, 1230
1230, 1777
861, 1231
1231, 1232
1232, 1231
1242, 1232
1232, 1242
861, 1233
607, 1234
1234, 607
1237, 1234
1234, 1237
861, 1235
1235, 1236
1236, 1235
1237, 1236
1236, 1237
861, 1237
1237, 1238
1238, 1237
2099, 1238
1238, 2099
861, 1239
861, 1240
311, 1241
1241, 311
279, 1241
1241, 279
861, 1242
1242, 1243
1243, 1242
284, 1243
1243, 284
861, 1244
1244, 1245
1245, 1244
284, 1245
1245, 284
1244, 1246
1246, 1244
2103, 1246
1246, 2103
1244, 1247
1247, 1244
1920, 1247
1247, 1920
1244, 1248
1248, 1244
1850, 1248
1248, 1850
1244, 1249
1249, 1244
1806, 1249
1249, 1806
1244, 1250
1250, 1244
1807, 1250
1250, 1807
1244, 1251
1251, 1244
1841, 1251
1251, 1841
1244, 1252
1252, 1244
1868, 1252
1252, 1868
861, 1253
1253, 1254
1254, 1253
1843, 1254
1254, 1843
861, 1255
1255, 1256
1256, 1255
610, 1256
1256, 610
1255, 1257
1257, 1255
610, 1257
1257, 610
1255, 1258
1258, 1255
1915, 1258
1258, 1915
861, 1259
1259, 1260
1260, 1259
1843, 1260
1260, 1843
1259, 1261
1261, 1259
1806, 1261
1261, 1806
1259, 1262
1262, 1259
1807, 1262
1262, 1807
861, 1263
1263, 1264
1264, 1263
1843, 1264
1264, 1843
1263, 1265
1265, 1263
1840, 1265
1265, 1840
861, 1266
1266, 1267
1267, 1266
1263, 1267
1267, 1263
1266, 1268
1268, 1266
2108, 1268
1268, 2108
861, 1269
1269, 1270
1270, 1269
1817, 1270
1270, 1817
1269, 1271
1271, 1269
2060, 1271
1271, 2060
1269, 1272
1272, 1269
1843, 1272
1272, 1843
861, 1273
1273, 1274
1274, 1273
1817, 1274
1274, 1817
1273, 1275
1275, 1273
2060, 1275
1275, 2060
861, 1276
1276, 1277
1277, 1276
1296, 1277
1277, 1296
1276, 1278
1278, 1276
1817, 1278
1278, 1817
1276, 1279
1279, 1276
2060, 1279
1279, 2060
861, 1280
1280, 1281
1281, 1280
1296, 1281
1281, 1296
1280, 1282
1282, 1280
1817, 1282
1282, 1817
1280, 1283
1283, 1280
2060, 1283
1283, 2060
1280, 1284
1284, 1280
1843, 1284
1284, 1843
1280, 1285
1285, 1280
1813, 1285
1285, 1813
861, 1286
1286, 1287
1287, 1286
1296, 1287
1287, 1296
1286, 1288
1288, 1286
2080, 1288
1288, 2080
1286, 1289
1289, 1286
1817, 1289
1289, 1817
1286, 1290
1290, 1286
2060, 1290
1290, 2060
1286, 1291
1291, 1286
1808, 1291
1291, 1808
1286, 1292
1292, 1286
1843, 1292
1292, 1843
1286, 1293
1293, 1286
2082, 1293
1293, 2082
861, 1294
1294, 1295
1295, 1294
1296, 1295
1295, 1296
861, 1296
1296, 1297
1297, 1296
1294, 1297
1297, 1294
861, 1298
1298, 1299
1299, 1298
1296, 1299
1299, 1296
1298, 1300
1300, 1298
802, 1300
1300, 802
861, 1301
1301, 1302
1302, 1301
802, 1302
1302, 802
861, 1303
1303, 1304
1304, 1303
802, 1304
1304, 802
861, 1305
1305, 1306
1306, 1305
1309, 1306
1306, 1309
1305, 1307
1307, 1305
1817, 1307
1307, 1817
1305, 1308
1308, 1305
2113, 1308
1308, 2113
861, 1309
861, 1310
1310, 1311
1311, 1310
1309, 1311
1311, 1309
1310, 1312
1312, 1310
1314, 1312
1312, 1314
1310, 1313
1313, 1310
1915, 1313
1313, 1915
861, 1314
1314, 1315
1315, 1314
1239, 1315
1315, 1239
1314, 1316
1316, 1314
1379, 1316
1316, 1379
1314, 1317
1317, 1314
623, 1317
1317, 623
1314, 1318
1318, 1314
623, 1318
1318, 623
1314, 1319
1319, 1314
611, 1319
1319, 611
1314, 1320
1320, 1314
611, 1320
1320, 611
1314, 1321
1321, 1314
1817, 1321
1321, 1817
861, 1322
1322, 1323
1323, 1322
1235, 1323
1323, 1235
1322, 1324
1324, 1322
1341, 1324
1324, 1341
861, 1325
1325, 1326
1326, 1325
2118, 1326
1326, 2118
1325, 1327
1327, 1325
2119, 1327
1327, 2119
861, 1328
1328, 1329
1329, 1328
1788, 1329
1329, 1788
1328, 1330
1330, 1328
1789, 1330
1330, 1789
861, 1331
1331, 1332
1332, 1331
1305, 1332
1332, 1305
1331, 1333
1333, 1331
1984, 1333
1333, 1984
1331, 1334
1334, 1331
1824, 1334
1334, 1824
861, 1335
1335, 1336
1336, 1335
1817, 1336
1336, 1817
861, 1337
1337, 1338
1338, 1337
1817, 1338
1338, 1817
861, 1339
1339, 1340
1340, 1339
1817, 1340
1340, 1817
861, 1341
1341, 1342
1342, 1341
1817, 1342
1342, 1817
861, 1343
1343, 1344
1344, 1343
1239, 1344
1344, 1239
1343, 1345
1345, 1343
1821, 1345
1345, 1821
861, 1346
1346, 1347
1347, 1346
1817, 1347
1347, 1817
861, 1348
1348, 1349
1349, 1348
1843, 1349
1349, 1843
1348, 1350
1350, 1348
1867, 1350
1350, 1867
861, 1351
1351, 1352
1352, 1351
1843, 1352
1352, 1843
1351, 1353
1353, 1351
1867, 1353
1353, 1867
861, 1354
1354, 1355
1355, 1354
1296, 1355
1355, 1296
1354, 1356
1356, 1354
1817, 1356
1356, 1817
1354, 1357
1357, 1354
2060, 1357
1357, 2060
1354, 1358
1358, 1354
1843, 1358
1358, 1843
1354, 1359
1359, 1354
1915, 1359
1359, 1915
861, 1360
1360, 1361
1361, 1360
1296, 1361
1361, 1296
1360, 1362
1362, 1360
1366, 1362
1362, 1366
1360, 1363
1363, 1360
1849, 1363
1363, 1849
1360, 1364
1364, 1360
1841, 1364
1364, 1841
1360, 1365
1365, 1360
1867, 1365
1365, 1867
861, 1366
1366, 1367
1367, 1366
311, 1367
1367, 311
1366, 1368
1368, 1366
1817, 1368
1368, 1817
1366, 1369
1369, 1366
1857, 1369
1369, 1857
1366, 1370
1370, 1366
1862, 1370
1370, 1862
1366, 1371
1371, 1366
1868, 1371
1371, 1868
1366, 1372
1372, 1366
1841, 1372
1372, 1841
1366, 1373
1373, 1366
1920, 1373
1373, 1920
1366, 1374
1374, 1366
1843, 1374
1374, 1843
861, 1375
1375, 1376
1376, 1375
1841, 1376
1376, 1841
1375, 1377
1377, 1375
1854, 1377
1377, 1854
1375, 1378
1378, 1375
1791, 1378
1378, 1791
861, 1379
1379, 1380
1380, 1379
1242, 1380
1380, 1242
1379, 1381
1381, 1379
793, 1381
1381, 793
1379, 1382
1382, 1379
793, 1382
1382, 793
1379, 1383
1383, 1379
1337, 1383
1383, 1337
1379, 1384
1384, 1379
1322, 1384
1384, 1322
1379, 1385
1385, 1379
1314, 1385
1385, 1314
1379, 1386
1386, 1379
1920, 1386
1386, 1920
1379, 1387
1387, 1379
1835, 1387
1387, 1835
1379, 1388
1388, 1379
1836, 1388
1388, 1836
1379, 1389
1389, 1379
1837, 1389
1389, 1837
1379, 1390
1390, 1379
1829, 1390
1390, 1829
1379, 1391
1391, 1379
1984, 1391
1391, 1984
861, 1392
1392, 1393
1393, 1392
1394, 1393
1393, 1394
861, 1394
1394, 1395
1395, 1394
1394, 1395
1395, 1394
1394, 1396
1396, 1394
1325, 1396
1396, 1325
1394, 1397
1397, 1394
1242, 1397
1397, 1242
1394, 1398
1398, 1394
1322, 1398
1398, 1322
1394, 1399
1399, 1394
1337, 1399
1399, 1337
1394, 1400
1400, 1394
793, 1400
1400, 793
1394, 1401
1401, 1394
793, 1401
1401, 793
1394, 1402
1402, 1394
795, 1402
1402, 795
1394, 1403
1403, 1394
795, 1403
1403, 795
1394, 1404
1404, 1394
1314, 1404
1404, 1314
1394, 1405
1405, 1394
1817, 1405
1405, 1817
1394, 1406
1406, 1394
1837, 1406
1406, 1837
1394, 1407
1407, 1394
1836, 1407
1407, 1836
1394, 1408
1408, 1394
1805, 1408
1408, 1805
1394, 1409
1409, 1394
1793, 1409
1409, 1793
1394, 1410
1410, 1394
1777, 1410
1410, 1777
1394, 1411
1411, 1394
1835, 1411
1411, 1835
1394, 1412
1412, 1394
1778, 1412
1412, 1778
1394, 1413
1413, 1394
1829, 1413
1413, 1829
1394, 1414
1414, 1394
2100, 1414
1414, 2100
1394, 1415
1415, 1394
1799, 1415
1415, 1799
1394, 1416
1416, 1394
1915, 1416
1416, 1915
1394, 1417
1417, 1394
1791, 1417
1417, 1791
1394, 1418
1418, 1394
1809, 1418
1418, 1809
1394, 1419
1419, 1394
1810, 1419
1419, 1810
861, 1420
1420, 1421
1421, 1420
1817, 1421
1421, 1817
861, 1422
601, 1423
601, 1424
1424, 1425
1425, 1424
601, 1426
1426, 1427
1427, 1426
2116, 1427
1427, 2116
601, 1428
1428, 1429
1429, 1428
1426, 1429
1429, 1426
601, 1430
1430, 1431
1431, 1430
1343, 1431
1431, 1343
1430, 1432
1432, 1430
1325, 1432
1432, 1325
1430, 1433
1433, 1430
1328, 1433
1433, 1328
1430, 1434
1434, 1430
1394, 1434
1434, 1394
1430, 1435
1435, 1430
1392, 1435
1435, 1392
1430, 1436
1436, 1430
1310, 1436
1436, 1310
1430, 1437
1437, 1430
791, 1437
1437, 791
1430, 1438
1438, 1430
784, 1438
1438, 784
1430, 1439
1439, 1430
1821, 1439
1439, 1821
1430, 1440
1440, 1430
1827, 1440
1440, 1827
1430, 1441
1441, 1430
1925, 1441
1441, 1925
1430, 1442
1442, 1430
1952, 1442
1442, 1952
1430, 1443
1443, 1430
1927, 1443
1443, 1927
1430, 1444
1444, 1430
1926, 1444
1444, 1926
1430, 1445
1445, 1430
1928, 1445
1445, 1928
1430, 1446
1446, 1430
1915, 1446
1446, 1915
1430, 1447
1447, 1430
1953, 1447
1447, 1953
1430, 1448
1448, 1430
1929, 1448
1448, 1929
2, 1449
1449, 2
1449, 1450
1450, 1451
1451, 1450
1794, 1451
1451, 1794
1450, 1452
1452, 1450
1811, 1452
1452, 1811
1450, 1453
1453, 1450
1805, 1453
1453, 1805
1450, 1454
1454, 1450
1873, 1454
1454, 1873
1450, 1455
1455, 1450
1854, 1455
1455, 1854
1449, 1456
1449, 1457
1457, 1458
1458, 1457
1456, 1458
1458, 1456
1449, 1459
1459, 1460
1460, 1459
1456, 1460
1460, 1456
1459, 1461
1461, 1459
2124, 1461
1461, 2124
2, 1462
1462, 2
1462, 1463
1463, 1464
1464, 1463
1954, 1464
1464, 1954
1462, 1465
1462, 1466
1466, 1467
1467, 1466
1794, 1467
1467, 1794
1466, 1468
1468, 1466
1955, 1468
1468, 1955
1462, 1469
1469, 1470
1470, 1469
1802, 1470
1470, 1802
1469, 1471
1471, 1469
1799, 1471
1471, 1799
1469, 1472
1472, 1469
1954, 1472
1472, 1954
1469, 1473
1473, 1469
1873, 1473
1473, 1873
1469, 1474
1474, 1469
1873, 1474
1474, 1873
2, 1475
1475, 2
1475, 1476
1476, 1477
1477, 1476
1849, 1477
1477, 1849
1476, 1478
1478, 1476
1850, 1478
1478, 1850
1476, 1479
1479, 1476
1794, 1479
1479, 1794
1475, 1480
1480, 1481
1481, 1480
2052, 1481
1481, 2052
1480, 1482
1482, 1480
2012, 1482
1482, 2012
1480, 1483
1483, 1480
2130, 1483
1483, 2130
1480, 1484
1484, 1480
2013, 1484
1484, 2013
1475, 1485
1475, 1486
1475, 1487
1487, 1488
1488, 1487
1794, 1488
1488, 1794
1487, 1489
1489, 1487
2060, 1489
1489, 2060
1487, 1490
1490, 1487
1812, 1490
1490, 1812
1487, 1491
1491, 1487
1955, 1491
1491, 1955
1487, 1492
1492, 1487
1954, 1492
1492, 1954
1487, 1493
1493, 1487
1811, 1493
1493, 1811
1475, 1494
1494, 1495
1495, 1494
1808, 1495
1495, 1808
1494, 1496
1496, 1494
1808, 1496
1496, 1808
1475, 1497
1475, 1498
1475, 1499
1499, 1500
1500, 1499
1776, 1500
1500, 1776
1499, 1501
1501, 1499
1886, 1501
1501, 1886
1499, 1502
1502, 1499
1888, 1502
1502, 1888
1499, 1503
1503, 1499
1880, 1503
1503, 1880
1499, 1504
1504, 1499
1887, 1504
1504, 1887
1475, 1505
2, 1506
1506, 2
1506, 1507
1507, 1508
1507, 1509
1507, 1510
1507, 1511
1511, 1512
1512, 1511
1782, 1512
1512, 1782
1507, 1513
1513, 1514
1514, 1513
1509, 1514
1514, 1509
1513, 1515
1515, 1513
1817, 1515
1515, 1817
1507, 1516
1516, 1517
1517, 1516
1509, 1517
1517, 1509
1516, 1518
1518, 1516
1817, 1518
1518, 1817
1507, 1519
1519, 1520
1520, 1519
1915, 1520
1520, 1915
1507, 1521
1521, 1522
1522, 1521
2087, 1522
1522, 2087
1507, 1523
1523, 1524
1524, 1523
2138, 1524
1524, 2138
1507, 1525
1525, 1526
1526, 1525
1794, 1526
1526, 1794
1507, 1527
1527, 1528
1528, 1527
1799, 1528
1528, 1799
1506, 1529
1529, 1530
1530, 1529
1916, 1530
1530, 1916
1529, 1531
1531, 1529
1917, 1531
1531, 1917
1529, 1532
1532, 1529
2100, 1532
1532, 2100
1529, 1533
1533, 1529
2136, 1533
1533, 2136
1506, 1534
1534, 1535
1534, 1536
1536, 1537
1537, 1536
1813, 1537
1537, 1813
1536, 1538
1538, 1536
1814, 1538
1538, 1814
1534, 1539
1506, 1540
2, 1541
1541, 2
1541, 1542
1541, 1543
91, 1544
1544, 91
1984, 1544
1544, 1984
91, 1545
1545, 91
2114, 1545
1545, 2114
91, 1546
1546, 91
2113, 1546
1546, 2113
3, 1547
1547, 3
3, 1548
1548, 3
1548, 1549
3, 1550
1550, 3
1550, 1551
3, 1552
1552, 3
3, 1553
1553, 3
4, 1554
1554, 4
1554, 1555
4, 1556
1556, 4
4, 1557
1557, 4
1557, 1558
4, 1559
1559, 4
1559, 1560
1560, 1561
1561, 1560
2109, 1561
1561, 2109
1560, 1562
1562, 1560
2099, 1562
1562, 2099
1560, 1563
1563, 1560
2118, 1563
1563, 2118
1560, 1564
1564, 1560
2142, 1564
1564, 2142
1560, 1565
1565, 1560
2101, 1565
1565, 2101
1560, 1566
1566, 1560
2144, 1566
1566, 2144
4, 1567
1567, 4
1567, 1568
1568, 1569
1569, 1568
1597, 1569
1569, 1597
1568, 1570
1570, 1568
97, 1570
1570, 97
1568, 1571
1571, 1568
130, 1571
1571, 130
1568, 1572
1572, 1568
110, 1572
1572, 110
1568, 1573
1573, 1568
123, 1573
1573, 123
1568, 1574
1574, 1568
118, 1574
1574, 118
1568, 1575
1575, 1568
96, 1575
1575, 96
1568, 1576
1576, 1568
114, 1576
1576, 114
1568, 1577
1577, 1568
1568, 1578
1578, 1568
1892, 1578
1578, 1892
1568, 1579
1579, 1568
1893, 1579
1579, 1893
1567, 1580
1580, 1581
1581, 1580
1568, 1581
1581, 1568
4, 1582
1582, 4
1582, 1583
1568, 1584
1584, 1568
1597, 1584
1584, 1597
1568, 1585
1585, 1568
1568, 1586
1586, 1568
1892, 1586
1586, 1892
1568, 1587
1587, 1568
1893, 1587
1587, 1893
1582, 1588
1588, 1589
1589, 1588
1568, 1589
1589, 1568
4, 1590
1590, 4
1590, 1591
1591, 1592
1592, 1591
1568, 1592
1592, 1568
1591, 1593
1593, 1591
2147, 1593
1593, 2147
1590, 1594
1594, 1595
1595, 1594
1594, 1596
1596, 1594
2093, 1596
1596, 2093
1590, 1597
1597, 1598
1598, 1597
181, 1598
1598, 181
1590, 1599
1599, 1600
1600, 1599
1597, 1600
1600, 1597
1599, 1601
1601, 1599
1956, 1601
1601, 1956
1599, 1602
1602, 1599
1936, 1602
1602, 1936
1599, 1603
1603, 1599
1833, 1603
1603, 1833
1599, 1604
1604, 1599
1939, 1604
1604, 1939
1599, 1605
1605, 1599
1932, 1605
1605, 1932
1599, 1606
1606, 1599
1957, 1606
1606, 1957
1599, 1607
1607, 1599
1958, 1607
1607, 1958
1599, 1608
1608, 1599
1959, 1608
1608, 1959
1599, 1609
1609, 1599
1948, 1609
1609, 1948
1599, 1610
1610, 1599
1933, 1610
1610, 1933
1599, 1611
1611, 1599
1960, 1611
1611, 1960
1599, 1612
1612, 1599
1832, 1612
1612, 1832
1599, 1613
1613, 1599
1831, 1613
1613, 1831
1599, 1614
1614, 1599
1961, 1614
1614, 1961
1590, 1615
1615, 1616
1616, 1615
1597, 1616
1616, 1597
1615, 1617
1617, 1615
509, 1617
1617, 509
1615, 1618
1618, 1615
1962, 1618
1618, 1962
1615, 1619
1619, 1615
1963, 1619
1619, 1963
1615, 1620
1620, 1615
1964, 1620
1620, 1964
1615, 1621
1621, 1615
1892, 1621
1621, 1892
1615, 1622
1622, 1615
1893, 1622
1622, 1893
1590, 1623
1623, 1624
1624, 1623
1597, 1624
1624, 1597
1623, 1625
1625, 1623
2149, 1625
1625, 2149
1590, 1626
1626, 1627
1627, 1626
1597, 1627
1627, 1597
1626, 1628
1628, 1626
1950, 1628
1628, 1950
1626, 1629
1629, 1626
1965, 1629
1629, 1965
1590, 1630
1630, 1631
1631, 1630
1597, 1631
1631, 1597
1630, 1632
1632, 1630
155, 1632
1632, 155
1630, 1633
1633, 1630
152, 1633
1633, 152
1630, 1634
1634, 1630
1951, 1634
1634, 1951
1630, 1635
1635, 1630
1962, 1635
1635, 1962
1630, 1636
1636, 1630
1966, 1636
1636, 1966
1630, 1637
1637, 1630
1967, 1637
1637, 1967
1630, 1638
1638, 1630
1968, 1638
1638, 1968
1630, 1639
1639, 1630
1837, 1639
1639, 1837
1630, 1640
1640, 1630
1963, 1640
1640, 1963
1630, 1641
1641, 1630
1827, 1641
1641, 1827
1630, 1642
1642, 1630
1925, 1642
1642, 1925
1630, 1643
1643, 1630
1952, 1643
1643, 1952
1630, 1644
1644, 1630
1927, 1644
1644, 1927
1630, 1645
1645, 1630
1969, 1645
1645, 1969
1630, 1646
1646, 1630
1970, 1646
1646, 1970
1630, 1647
1647, 1630
1829, 1647
1647, 1829
1630, 1648
1648, 1630
1971, 1648
1648, 1971
1630, 1649
1649, 1630
1833, 1649
1649, 1833
1630, 1650
1650, 1630
1776, 1650
1650, 1776
1630, 1651
1651, 1630
1892, 1651
1651, 1892
1630, 1652
1652, 1630
1893, 1652
1652, 1893
1630, 1653
1653, 1630
1973, 1653
1653, 1973
1630, 1654
1654, 1630
1974, 1654
1654, 1974
1630, 1655
1655, 1630
1944, 1655
1655, 1944
1630, 1656
1656, 1630
1830, 1656
1656, 1830
1630, 1657
1657, 1630
1976, 1657
1657, 1976
1630, 1658
1658, 1630
1949, 1658
1658, 1949
1630, 1659
1659, 1630
1977, 1659
1659, 1977
1630, 1660
1660, 1630
2149, 1660
1660, 2149
1590, 1661
1661, 1662
1662, 1661
181, 1662
1662, 181
1661, 1663
1663, 1661
544, 1663
1663, 544
1661, 1664
1664, 1661
2147, 1664
1664, 2147
1661, 1665
1665, 1661
1963, 1665
1665, 1963
1661, 1666
1666, 1661
1829, 1666
1666, 1829
1590, 1667
1568, 1668
1668, 1568
1599, 1668
1668, 1599
1568, 1669
1669, 1568
1615, 1669
1669, 1615
1568, 1670
1670, 1568
1623, 1670
1670, 1623
1568, 1671
1671, 1568
1630, 1671
1671, 1630
1568, 1672
1672, 1568
1661, 1672
1672, 1661
4, 1673
1673, 4
1673, 1674
1568, 1675
1675, 1568
2031, 1675
1675, 2031
1568, 1676
1676, 1568
2032, 1676
1676, 2032
1568, 1677
1677, 1568
2033, 1677
1677, 2033
1568, 1678
1678, 1568
2034, 1678
1678, 2034
1673, 1679
1679, 1680
1680, 1679
1568, 1680
1680, 1568
4, 1681
1681, 4
1681, 1682
1568, 1683
1683, 1568
181, 1683
1683, 181
1568, 1684
1684, 1568
237, 1684
1684, 237
1568, 1685
1685, 1568
233, 1685
1685, 233
1568, 1686
1686, 1568
2147, 1686
1686, 2147
1568, 1687
1687, 1568
1833, 1687
1687, 1833
1568, 1688
1688, 1568
1932, 1688
1688, 1932
1568, 1689
1689, 1568
1827, 1689
1689, 1827
1568, 1690
1690, 1568
1829, 1690
1690, 1829
1681, 1691
1691, 1692
1692, 1691
1568, 1692
1692, 1568
4, 1693
1693, 4
1693, 1694
1694, 1695
1695, 1694
181, 1695
1695, 181
1694, 1696
1696, 1694
2147, 1696
1696, 2147
1693, 1697
1693, 1698
1623, 1699
1699, 1623
1694, 1699
1699, 1694
1623, 1700
1700, 1623
2149, 1700
1700, 2149
1693, 1701
1630, 1702
1702, 1630
1694, 1702
1702, 1694
1630, 1703
1703, 1630
540, 1703
1703, 540
1630, 1704
1704, 1630
553, 1704
1704, 553
1630, 1705
1705, 1630
155, 1705
1705, 155
1630, 1706
1706, 1630
524, 1706
1706, 524
1630, 1707
1707, 1630
1892, 1707
1707, 1892
1630, 1708
1708, 1630
1893, 1708
1708, 1893
1630, 1709
1709, 1630
2149, 1709
1709, 2149
1693, 1710
1568, 1711
1711, 1568
1623, 1711
1711, 1623
1568, 1712
1712, 1568
1630, 1712
1712, 1630
1693, 1713
1713, 1714
1714, 1713
1568, 1714
1714, 1568
4, 1715
1715, 4
1715, 1716
1715, 1717
1717, 1718
1718, 1717
1597, 1718
1718, 1597
1717, 1719
1719, 1717
560, 1719
1719, 560
1717, 1720
1720, 1717
328, 1720
1720, 328
1717, 1721
1721, 1717
515, 1721
1721, 515
1717, 1722
1722, 1717
2035, 1722
1722, 2035
1717, 1723
1723, 1717
1852, 1723
1723, 1852
1715, 1724
1724, 1725
1725, 1724
1694, 1725
1725, 1694
1724, 1726
1726, 1724
524, 1726
1726, 524
1724, 1727
1727, 1724
555, 1727
1727, 555
1724, 1728
1728, 1724
328, 1728
1728, 328
1724, 1729
1729, 1724
515, 1729
1729, 515
1724, 1730
1730, 1724
1724, 1731
1731, 1724
1852, 1731
1731, 1852
1715, 1732
1568, 1733
1733, 1568
1717, 1733
1733, 1717
1568, 1734
1734, 1568
1724, 1734
1734, 1724
1715, 1735
1735, 1736
1736, 1735
1568, 1736
1736, 1568
4, 1737
1737, 4
1737, 1738
561, 1739
1739, 561
1939, 1739
1739, 1939
561, 1740
1740, 561
1827, 1740
1740, 1827
561, 1741
1741, 561
1963, 1741
1741, 1963
561, 1742
1742, 561
1978, 1742
1742, 1978
561, 1743
1743, 561
1926, 1743
1743, 1926
561, 1744
1744, 561
1928, 1744
1744, 1928
561, 1745
1745, 561
1979, 1745
1745, 1979
1737, 1746
1737, 1747
1568, 1748
1748, 1568
561, 1748
1748, 561
1568, 1749
1749, 1568
1746, 1749
1749, 1746
1568, 1750
1750, 1568
1597, 1750
1750, 1597
1568, 1751
1751, 1568
466, 1751
1751, 466
1568, 1752
1752, 1568
392, 1752
1752, 392
1568, 1753
1753, 1568
412, 1753
1753, 412
1568, 1754
1754, 1568
1801, 1754
1754, 1801
1737, 1755
1755, 1756
1756, 1755
1568, 1756
1756, 1568
4, 1757
1757, 4
1757, 1758
1568, 1759
1759, 1568
571, 1759
1759, 571
1568, 1760
1760, 1568
1841, 1760
1760, 1841
1757, 1761
1761, 1762
1762, 1761
1568, 1762
1762, 1568
4, 1763
1763, 4
5, 1764
1764, 5
1764, 1765
1764, 1766
6, 1767
1767, 6
1767, 1768
1767, 1769
1767, 1770
1767, 1771
1767, 1772
9, 1773
1773, 9
1773, 1774
1773, 1775
1773, 1776
1773, 1777
1773, 1778
1773, 1779
11, 1780
1780, 11
1780, 1781
1780, 1782
12, 1783
1783, 12
1783, 1784
13, 1785
1785, 13
1785, 1786
1785, 1787
1785, 1788
1785, 1789
1790, 1791
1790, 1792
1790, 1793
1790, 1794
1790, 1795
1790, 1796
1790, 1797
1790, 1798
1790, 1799
1790, 1800
1790, 1801
1790, 1802
1790, 1803
1790, 1804
1790, 1805
1790, 1806
1790, 1807
1790, 1808
1790, 1809
1790, 1810
1790, 1811
1790, 1812
1790, 1813
1790, 1814
14, 1815
1815, 14
1815, 1816
1815, 1817
1815, 1818
1815, 1819
1815, 1820
1815, 1821
1815, 1822
1815, 1823
1815, 1824
8, 1825
1825, 8
1825, 1826
1825, 1827
1825, 1828
1825, 1829
1825, 1830
1825, 1831
1825, 1832
1825, 1833
1825, 1834
1825, 1835
1825, 1836
1825, 1837
1825, 1838
20, 1839
1839, 20
1839, 1840
1839, 1841
1839, 1842
1839, 1843
1839, 1844
1844, 1845
1844, 1846
1844, 1847
1844, 1848
1844, 1849
1844, 1850
1844, 1851
1844, 1852
1844, 1853
1844, 1854
1844, 1855
1844, 1856
1844, 1857
1844, 1858
1839, 1859
1839, 1860
1839, 1861
1839, 1862
1839, 1863
1839, 1864
1839, 1865
1865, 1866
1839, 1867
1839, 1868
1869, 1870
1869, 1871
1869, 1872
1869, 1873
1869, 1874
8, 1875
1875, 8
1875, 1876
1875, 1877
1875, 1878
1875, 1879
1875, 1880
1875, 1881
1875, 1882
23, 1883
1883, 23
1883, 1884
1883, 1885
1883, 1886
1883, 1887
1883, 1888
1883, 1889
1883, 1890
1883, 1891
1883, 1892
1883, 1893
24, 1894
1894, 24
1894, 1895
1894, 1896
1894, 1897
25, 1898
1898, 25
1898, 1899
1900, 1901
26, 1902
1902, 26
1902, 1903
1904, 1905
27, 1906
1906, 27
1906, 1907
28, 1908
1908, 28
1908, 1909
28, 1910
1910, 28
1910, 1911
29, 1912
1912, 29
1912, 1913
30, 1914
1914, 30
1914, 1915
1914, 1916
1914, 1917
21, 1918
1918, 21
1918, 1919
1919, 1920
1921, 1922
1921, 1923
1921, 1924
1921, 1925
1921, 1926
1921, 1927
1921, 1928
1921, 1929
1921, 1930
1921, 1931
1921, 1932
1921, 1933
1921, 1934
1921, 1935
1921, 1936
1921, 1937
1921, 1938
1921, 1939
1921, 1940
1921, 1941
1921, 1942
1921, 1943
1921, 1944
1921, 1945
1921, 1946
1921, 1947
1921, 1948
1921, 1949
1921, 1950
1921, 1951
1921, 1952
1921, 1953
1921, 1954
1921, 1955
1921, 1956
1921, 1957
1921, 1958
1921, 1959
1921, 1960
1921, 1961
1921, 1962
1921, 1963
1921, 1964
1921, 1965
1921, 1966
1921, 1967
1921, 1968
1921, 1969
1921, 1970
1921, 1971
1921, 1972
1921, 1973
1921, 1974
1921, 1975
1921, 1976
1921, 1977
1921, 1978
1921, 1979
18, 1980
1980, 18
1980, 1981
1980, 1982
1980, 1983
1980, 1984
1980, 1985
31, 1986
1986, 31
1986, 1987
1987, 1988
32, 1989
1989, 32
1989, 1990
1989, 1991
34, 1992
1992, 34
1992, 1993
39, 1994
1994, 39
1994, 1995
35, 1996
1996, 35
1996, 1997
15, 1998
1998, 15
1998, 1999
40, 2000
2000, 40
2000, 2001
44, 2002
2002, 44
2002, 2003
2002, 2004
2002, 2005
2002, 2006
43, 2007
2007, 43
2007, 2008
45, 2009
2009, 45
2009, 2010
2009, 2011
2009, 2012
2009, 2013
46, 2014
2014, 46
2014, 2015
2014, 2016
2014, 2017
19, 2018
2018, 19
2018, 2019
2018, 2020
2018, 2021
2018, 2022
2018, 2023
2024, 2025
2026, 2027
2026, 2028
47, 2029
2029, 47
2029, 2030
2030, 2031
2030, 2032
2030, 2033
2030, 2034
2029, 2035
48, 2036
2036, 48
2036, 2037
34, 2038
2038, 34
2038, 2039
2040, 2041
36, 2042
2042, 36
2042, 2043
2042, 2044
2045, 2046
34, 2047
2047, 34
2047, 2048
2047, 2049
51, 2050
2050, 51
2050, 2051
2050, 2052
52, 2053
2053, 52
2053, 2054
22, 2055
2055, 22
2055, 2056
2055, 2057
2058, 2059
2058, 2060
53, 2061
2061, 53
2061, 2062
2061, 2063
54, 2064
2064, 54
2064, 2065
2064, 2066
2064, 2067
2064, 2068
2064, 2069
2069, 2070
55, 2071
2071, 55
2071, 2072
2073, 2074
2073, 2075
37, 2076
2076, 37
2076, 2077
2078, 2079
2078, 2080
2078, 2081
2081, 2082
56, 2083
2083, 56
2083, 2084
2083, 2085
34, 2086
2086, 34
2086, 2087
2088, 2089
2088, 2090
2088, 2091
2088, 2092
2088, 2093
18, 2094
2094, 18
2094, 2095
38, 2096
2096, 38
2096, 2097
62, 2098
2098, 62
2098, 2099
2098, 2100
2098, 2101
63, 2102
2102, 63
2102, 2103
2102, 2104
2102, 2105
2102, 2106
64, 2107
2107, 64
2107, 2108
2107, 2109
65, 2110
2110, 65
2110, 2111
66, 2112
2112, 66
2112, 2113
2112, 2114
67, 2115
2115, 67
2115, 2116
68, 2117
2117, 68
2117, 2118
2117, 2119
69, 2120
2120, 69
2120, 2121
2122, 2123
2122, 2124
70, 2125
2125, 70
2125, 2126
2127, 2128
51, 2129
2129, 51
2129, 2130
71, 2131
2131, 71
2131, 2132
72, 2133
2133, 72
2133, 2134
73, 2135
2135, 73
2135, 2136
15, 2137
2137, 15
2137, 2138
2139, 2140
2141, 2142
74, 2143
2143, 74
2143, 2144
75, 2145
2145, 75
76, 2146
2146, 76
2146, 2147
78, 2148
2148, 78
2148, 2149
77, 2150
2150, 77
2150, 2151
2152, 80
2152, 2153
2154, 85
2154, 2155
2156, 91
2156, 2157
2157, 2158
2158, 2159
2159, 2158
2157, 2159
2160, 92
2160, 2161
2161, 2162
2162, 2163
2163, 2162
2161, 2163
2164, 96
2164, 2165
2165, 2166
2166, 2167
2167, 2166
2165, 2167
2167, 2168
2168, 2167
2165, 2168
2168, 2169
2169, 2168
2165, 2169
2169, 2170
2170, 2169
2165, 2170
2170, 2171
2171, 2170
2165, 2171
2171, 2172
2172, 2171
2165, 2172
2173, 97
2173, 2174
2174, 2175
2175, 2176
2176, 2175
2174, 2176
2176, 2177
2177, 2176
2174, 2177
2177, 2178
2178, 2177
2174, 2178
2178, 2179
2179, 2178
2174, 2179
2180, 110
2180, 2181
2181, 2182
2182, 2183
2183, 2182
2181, 2183
2183, 2184
2184, 2183
2181, 2184
2185, 114
2185, 2186
2186, 2187
2187, 2188
2188, 2187
2186, 2188
2188, 2189
2189, 2188
2186, 2189
2190, 118
2190, 2191
2191, 2192
2192, 2193
2193, 2192
2191, 2193
2193, 2194
2194, 2193
2191, 2194
2194, 2195
2195, 2194
2191, 2195
2196, 123
2196, 2197
2197, 2198
2198, 2199
2199, 2198
2197, 2199
2199, 2200
2200, 2199
2197, 2200
2201, 130
2201, 2202
2202, 2203
2203, 2204
2204, 2203
2202, 2204
2204, 2205
2205, 2204
2202, 2205
2206, 134
2206, 2207
2207, 2208
2208, 2209
2209, 2208
2207, 2209
2210, 139
2210, 2211
2212, 91
2156, 2213
2157, 2214
2214, 2159
2159, 2214
2157, 2215
2215, 2216
2216, 2215
2157, 2216
2216, 2217
2217, 2216
2157, 2217
2217, 2218
2218, 2217
2157, 2218
2218, 2219
2219, 2218
2157, 2219
2219, 2220
2220, 2219
2157, 2220
2221, 150
2221, 2222
2222, 2223
2223, 2224
2224, 2223
2222, 2224
2224, 2225
2225, 2224
2222, 2225
2226, 151
2226, 2227
2227, 2228
2228, 2229
2229, 2228
2227, 2229
2230, 152
2230, 2231
2231, 2232
2232, 2233
2233, 2232
2231, 2233
2233, 2234
2234, 2233
2231, 2234
2234, 2235
2235, 2234
2231, 2235
2236, 155
2236, 2237
2237, 2238
2238, 2239
2239, 2238
2237, 2239
2239, 2240
2240, 2239
2237, 2240
2240, 2241
2241, 2240
2237, 2241
2241, 2242
2242, 2241
2237, 2242
2242, 2243
2243, 2242
2237, 2243
2243, 2244
2244, 2243
2237, 2244
2244, 2245
2245, 2244
2237, 2245
2245, 2246
2246, 2245
2237, 2246
2247, 91
2156, 2248
2157, 2249
2249, 2159
2159, 2249
2157, 2250
2251, 163
2251, 2252
2252, 2253
2254, 165
2254, 2255
2255, 2256
2256, 2257
2257, 2256
2255, 2257
2257, 2258
2258, 2257
2255, 2258
2258, 2259
2259, 2258
2255, 2259
2260, 168
2260, 2261
2261, 2262
2263, 170
2263, 2264
2264, 2265
2266, 172
2266, 2267
2267, 2268
2268, 2269
2269, 2268
2267, 2269
2269, 2270
2270, 2269
2267, 2270
2270, 2271
2271, 2270
2267, 2271
2272, 91
2156, 2273
2157, 2274
2274, 2159
2159, 2274
2157, 2275
2275, 2216
2216, 2275
2157, 2276
2276, 2217
2217, 2276
2157, 2277
2277, 2218
2218, 2277
2157, 2278
2278, 2219
2219, 2278
2157, 2279
2279, 2220
2220, 2279
2157, 2280
2280, 2281
2281, 2280
2157, 2281
2282, 274
2282, 2283
2283, 2284
2285, 273
2285, 2286
2286, 2287
2288, 607
2288, 2289
2289, 2290
2291, 608
2291, 2292
2292, 2293
2294, 610
2294, 2295
2295, 2296
2297, 611
2297, 2298
2298, 2299
2300, 617
2300, 2301
2301, 2302
2303, 619
2303, 2304
2304, 2305
2306, 620
2306, 2307
2307, 2308
2309, 621
2309, 2310
2310, 2311
2311, 2312
2312, 2311
2310, 2312
2312, 2313
2313, 2312
2310, 2313
2313, 2314
2314, 2313
2310, 2314
2315, 623
2315, 2316
2316, 2317
2317, 2318
2318, 2317
2316, 2318
2318, 2319
2319, 2318
2316, 2319
2319, 2320
2320, 2319
2316, 2320
2320, 2321
2321, 2320
2316, 2321
2322, 629
2322, 2323
2323, 2324
2324, 2325
2325, 2324
2323, 2325
2325, 2326
2326, 2325
2323, 2326
2326, 2327
2327, 2326
2323, 2327
2327, 2328
2328, 2327
2323, 2328
2328, 2329
2329, 2328
2323, 2329
2329, 2330
2330, 2329
2323, 2330
2330, 2331
2331, 2330
2323, 2331
2331, 2332
2332, 2331
2323, 2332
2333, 641
2333, 2334
2334, 2335
2335, 2336
2336, 2335
2334, 2336
2336, 2337
2337, 2336
2334, 2337
2337, 2338
2338, 2337
2334, 2338
2338, 2339
2339, 2338
2334, 2339
2340, 648
2340, 2341
2341, 2342
2342, 2343
2343, 2342
2341, 2343
2344, 654
2344, 2345
2345, 2346
2346, 2347
2347, 2346
2345, 2347
2348, 657
2348, 2349
2349, 2350
2350, 2351
2351, 2350
2349, 2351
2351, 2352
2352, 2351
2349, 2352
2353, 661
2353, 2354
2354, 2355
2355, 2356
2356, 2355
2354, 2356
2356, 2357
2357, 2356
2354, 2357
2358, 665
2358, 2359
2359, 2360
2360, 2361
2361, 2360
2359, 2361
2361, 2362
2362, 2361
2359, 2362
2362, 2363
2363, 2362
2359, 2363
2363, 2364
2364, 2363
2359, 2364
2364, 2365
2365, 2364
2359, 2365
2366, 673
2366, 2367
2367, 2368
2368, 2369
2369, 2368
2367, 2369
2369, 2370
2370, 2369
2367, 2370
2370, 2371
2371, 2370
2367, 2371
2372, 675
2372, 2373
2373, 2374
2374, 2375
2375, 2374
2373, 2375
2375, 2376
2376, 2375
2373, 2376
2376, 2377
2377, 2376
2373, 2377
2377, 2378
2378, 2377
2373, 2378
2378, 2379
2379, 2378
2373, 2379
2379, 2380
2380, 2379
2373, 2380
2380, 2381
2381, 2380
2373, 2381
2381, 2382
2382, 2381
2373, 2382
2382, 2383
2383, 2382
2373, 2383
2383, 2384
2384, 2383
2373, 2384
2385, 677
2385, 2386
2386, 2387
2387, 2388
2388, 2387
2386, 2388
2388, 2389
2389, 2388
2386, 2389
2389, 2390
2390, 2389
2386, 2390
2390, 2391
2391, 2390
2386, 2391
2391, 2392
2392, 2391
2386, 2392
2392, 2393
2393, 2392
2386, 2393
2393, 2394
2394, 2393
2386, 2394
2394, 2395
2395, 2394
2386, 2395
2395, 2396
2396, 2395
2386, 2396
2396, 2397
2397, 2396
2386, 2397
2397, 2398
2398, 2397
2386, 2398
2398, 2399
2399, 2398
2386, 2399
2400, 688
2400, 2401
2401, 2402
2402, 2403
2403, 2402
2401, 2403
2403, 2404
2404, 2403
2401, 2404
2405, 692
2405, 2406
2406, 2407
2407, 2408
2408, 2407
2406, 2408
2408, 2409
2409, 2408
2406, 2409
2409, 2410
2410, 2409
2406, 2410
2410, 2411
2411, 2410
2406, 2411
2411, 2412
2412, 2411
2406, 2412
2412, 2413
2413, 2412
2406, 2413
2413, 2414
2414, 2413
2406, 2414
2415, 704
2415, 2416
2416, 2417
2417, 2418
2418, 2417
2416, 2418
2418, 2419
2419, 2418
2416, 2419
2419, 2420
2420, 2419
2416, 2420
2421, 706
2421, 2422
2422, 2423
2423, 2424
2424, 2423
2422, 2424
2424, 2425
2425, 2424
2422, 2425
2426, 707
2426, 2427
2427, 2428
2428, 2429
2429, 2428
2427, 2429
2429, 2430
2430, 2429
2427, 2430
2431, 710
2431, 2432
2432, 2433
2433, 2434
2434, 2433
2432, 2434
2435, 714
2435, 2436
2436, 2437
2438, 716
2438, 2439
2439, 2440
2441, 720
2441, 2442
2442, 2443
2443, 2444
2444, 2443
2442, 2444
2444, 2445
2445, 2444
2442, 2445
2445, 2446
2446, 2445
2442, 2446
2447, 723
2447, 2448
2448, 2449
2449, 2450
2450, 2449
2448, 2450
2451, 727
2451, 2452
2452, 2453
2453, 2454
2454, 2453
2452, 2454
2455, 731
2455, 2456
2456, 2457
2457, 2458
2458, 2457
2456, 2458
2458, 2459
2459, 2458
2456, 2459
2459, 2460
2460, 2459
2456, 2460
2460, 2461
2461, 2460
2456, 2461
2461, 2462
2462, 2461
2456, 2462
2462, 2463
2463, 2462
2456, 2463
2463, 2464
2464, 2463
2456, 2464
2464, 2465
2465, 2464
2456, 2465
2465, 2466
2466, 2465
2456, 2466
2466, 2467
2467, 2466
2456, 2467
2467, 2468
2468, 2467
2456, 2468
2468, 2469
2469, 2468
2456, 2469
2470, 743
2470, 2471
2471, 2472
2472, 2473
2473, 2472
2471, 2473
2473, 2474
2474, 2473
2471, 2474
2474, 2475
2475, 2474
2471, 2475
2475, 2476
2476, 2475
2471, 2476
2476, 2477
2477, 2476
2471, 2477
2477, 2478
2478, 2477
2471, 2478
2478, 2479
2479, 2478
2471, 2479
2479, 2480
2480, 2479
2471, 2480
2481, 749
2481, 2482
2482, 2483
2483, 2484
2484, 2483
2482, 2484
2484, 2485
2485, 2484
2482, 2485
2485, 2486
2486, 2485
2482, 2486
2486, 2487
2487, 2486
2482, 2487
2487, 2488
2488, 2487
2482, 2488
2488, 2489
2489, 2488
2482, 2489
2489, 2490
2490, 2489
2482, 2490
2490, 2491
2491, 2490
2482, 2491
2491, 2492
2492, 2491
2482, 2492
2492, 2493
2493, 2492
2482, 2493
2493, 2494
2494, 2493
2482, 2494
2494, 2495
2495, 2494
2482, 2495
2495, 2496
2496, 2495
2482, 2496
2496, 2497
2497, 2496
2482, 2497
2497, 2498
2498, 2497
2482, 2498
2498, 2499
2499, 2498
2482, 2499
2499, 2500
2500, 2499
2482, 2500
2500, 2501
2501, 2500
2482, 2501
2501, 2502
2502, 2501
2482, 2502
2503, 750
2503, 2504
2504, 2505
2506, 752
2506, 2507
2507, 2508
2508, 2509
2509, 2508
2507, 2509
2509, 2510
2510, 2509
2507, 2510
2510, 2511
2511, 2510
2507, 2511
2511, 2512
2512, 2511
2507, 2512
2512, 2513
2513, 2512
2507, 2513
2513, 2514
2514, 2513
2507, 2514
2514, 2515
2515, 2514
2507, 2515
2515, 2516
2516, 2515
2507, 2516
2516, 2517
2517, 2516
2507, 2517
2518, 753
2518, 2519
2519, 2520
2520, 2521
2521, 2520
2519, 2521
2521, 2522
2522, 2521
2519, 2522
2522, 2523
2523, 2522
2519, 2523
2523, 2524
2524, 2523
2519, 2524
2525, 756
2525, 2526
2526, 2527
2527, 2528
2528, 2527
2526, 2528
2529, 760
2529, 2530
2530, 2531
2531, 2532
2532, 2531
2530, 2532
2532, 2533
2533, 2532
2530, 2533
2534, 763
2534, 2535
2535, 2536
2536, 2537
2537, 2536
2535, 2537
2537, 2538
2538, 2537
2535, 2538
2539, 766
2539, 2540
2540, 2541
2541, 2542
2542, 2541
2540, 2542
2542, 2543
2543, 2542
2540, 2543
2544, 769
2544, 2545
2545, 2546
2546, 2547
2547, 2546
2545, 2547
2547, 2548
2548, 2547
2545, 2548
2549, 774
2549, 2550
2550, 2551
2551, 2552
2552, 2551
2550, 2552
2552, 2553
2553, 2552
2550, 2553
2554, 268
2554, 2555
2555, 2556
2556, 2557
2557, 2556
2555, 2557
2557, 2558
2558, 2557
2555, 2558
2558, 2559
2559, 2558
2555, 2559
2559, 2560
2560, 2559
2555, 2560
2560, 2561
2561, 2560
2555, 2561
2561, 2562
2562, 2561
2555, 2562
2562, 2563
2563, 2562
2555, 2563
2563, 2564
2564, 2563
2555, 2564
2564, 2565
2565, 2564
2555, 2565
2565, 2566
2566, 2565
2555, 2566
2566, 2567
2567, 2566
2555, 2567
2568, 781
2568, 2569
2569, 2570
2570, 2571
2571, 2570
2569, 2571
2572, 782
2572, 2573
2573, 2574
2574, 2575
2575, 2574
2573, 2575
2576, 784
2576, 2577
2577, 2578
2578, 2579
2579, 2578
2577, 2579
2579, 2580
2580, 2579
2577, 2580
2580, 2581
2581, 2580
2577, 2581
2581, 2582
2582, 2581
2577, 2582
2582, 2583
2583, 2582
2577, 2583
2584, 791
2584, 2585
2585, 2586
2587, 793
2587, 2588
2588, 2589
2589, 2590
2590, 2589
2588, 2590
2590, 2591
2591, 2590
2588, 2591
2592, 794
2592, 2593
2593, 2594
2594, 2595
2595, 2594
2593, 2595
2596, 795
2596, 2597
2597, 2598
2598, 2599
2599, 2598
2597, 2599
2600, 798
2600, 2601
2601, 2602
2602, 2603
2603, 2602
2601, 2603
2603, 2604
2604, 2603
2601, 2604
2605, 802
2605, 2606
2606, 2607
2608, 803
2608, 2609
2609, 2610
2611, 804
2611, 2612
2612, 2613
2614, 170
2263, 2615
2264, 2616
2616, 2617
2617, 2616
2264, 2617
2617, 2618
2618, 2617
2264, 2618
2618, 2619
2619, 2618
2264, 2619
2619, 2620
2620, 2619
2264, 2620
2620, 2621
2621, 2620
2264, 2621
2621, 2622
2622, 2621
2264, 2622
2623, 815
2623, 2624
2624, 2625
2625, 2626
2626, 2625
2624, 2626
2626, 2627
2627, 2626
2624, 2627
2627, 2628
2628, 2627
2624, 2628
2628, 2629
2629, 2628
2624, 2629
2629, 2630
2630, 2629
2624, 2630
2630, 2631
2631, 2630
2624, 2631
2631, 2632
2632, 2631
2624, 2632
2633, 827
2633, 2634
2634, 2635
2635, 2636
2636, 2635
2634, 2636
2636, 2637
2637, 2636
2634, 2637
2637, 2638
2638, 2637
2634, 2638
2638, 2639
2639, 2638
2634, 2639
2639, 2640
2640, 2639
2634, 2640
2641, 833
2641, 2642
2642, 2643
2643, 2644
2644, 2643
2642, 2644
2644, 2645
2645, 2644
2642, 2645
2645, 2646
2646, 2645
2642, 2646
2646, 2647
2647, 2646
2642, 2647
2647, 2648
2648, 2647
2642, 2648
2648, 2649
2649, 2648
2642, 2649
2649, 2650
2650, 2649
2642, 2650
2650, 2651
2651, 2650
2642, 2651
2652, 842
2652, 2653
2653, 2654
2654, 2655
2655, 2654
2653, 2655
2656, 843
2656, 2657
2657, 2658
2658, 2659
2659, 2658
2657, 2659
2660, 844
2660, 2661
2661, 2662
2662, 2663
2663, 2662
2661, 2663
2663, 2664
2664, 2663
2661, 2664
2665, 847
2665, 2666
2666, 2667
2667, 2668
2668, 2667
2666, 2668
2668, 2669
2669, 2668
2666, 2669
2669, 2670
2670, 2669
2666, 2670
2670, 2671
2671, 2670
2666, 2671
2672, 851
2672, 2673
2673, 2674
2674, 2675
2675, 2674
2673, 2675
2676, 857
2676, 2677
2677, 2678
2678, 2679
2679, 2678
2677, 2679
2680, 859
2680, 2681
2681, 2682
2682, 2683
2683, 2682
2681, 2683
2684, 174
2684, 2685
2685, 2686
2686, 2687
2687, 2686
2685, 2687
2687, 2688
2688, 2687
2685, 2688
2689, 181
2689, 2690
2691, 207
2691, 2692
2692, 2693
2694, 210
2694, 2695
2695, 2696
2696, 2697
2697, 2696
2695, 2697
2697, 2698
2698, 2697
2695, 2698
2698, 2699
2699, 2698
2695, 2699
2699, 2700
2700, 2699
2695, 2700
2700, 2701
2701, 2700
2695, 2701
2702, 207
2691, 2703
2692, 2704
2705, 221
2705, 2706
2706, 2707
2707, 2708
2708, 2707
2706, 2708
2708, 2709
2709, 2708
2706, 2709
2710, 226
2710, 2711
2711, 2712
2712, 2713
2713, 2712
2711, 2713
2714, 228
2714, 2715
2715, 2716
2716, 2717
2717, 2716
2715, 2717
2718, 230
2718, 2719
2719, 2720
2720, 2721
2721, 2720
2719, 2721
2722, 233
2722, 2723
2723, 2724
2725, 237
2725, 2726
2727, 239
2727, 2728
2729, 91
2156, 2730
2157, 2731
2732, 273
2285, 2733
2286, 2734
2735, 1127
2735, 2736
2736, 2737
2737, 2738
2738, 2737
2736, 2738
2738, 2739
2739, 2738
2736, 2739
2740, 716
2438, 2741
2439, 2742
2743, 629
2322, 2744
2323, 2745
2745, 2325
2325, 2745
2323, 2746
2746, 2326
2326, 2746
2323, 2747
2747, 2327
2327, 2747
2323, 2748
2748, 2328
2328, 2748
2323, 2749
2749, 2329
2329, 2749
2323, 2750
2750, 2330
2330, 2750
2323, 2751
2751, 2331
2331, 2751
2323, 2752
2752, 2332
2332, 2752
2323, 2753
2753, 2754
2754, 2753
2323, 2754
2755, 720
2441, 2756
2442, 2757
2757, 2444
2444, 2757
2442, 2758
2758, 2445
2445, 2758
2442, 2759
2759, 2446
2446, 2759
2442, 2760
2760, 2761
2761, 2760
2442, 2761
2762, 793
2587, 2763
2588, 2764
2764, 2590
2590, 2764
2588, 2765
2765, 2591
2591, 2765
2588, 2766
2767, 795
2596, 2768
2597, 2769
2769, 2599
2599, 2769
2597, 2770
2771, 268
2554, 2772
2555, 2773
2773, 2557
2557, 2773
2555, 2774
2774, 2558
2558, 2774
2555, 2775
2775, 2559
2559, 2775
2555, 2776
2776, 2560
2560, 2776
2555, 2777
2777, 2561
2561, 2777
2555, 2778
2778, 2562
2562, 2778
2555, 2779
2779, 2563
2563, 2779
2555, 2780
2780, 2564
2564, 2780
2555, 2781
2782, 1146
2782, 2783
2783, 2784
2784, 2785
2785, 2784
2783, 2785
2786, 623
2315, 2787
2316, 2788
2788, 2318
2318, 2788
2316, 2789
2789, 2319
2319, 2789
2316, 2790
2790, 2320
2320, 2790
2316, 2791
2791, 2321
2321, 2791
2316, 2792
2792, 2793
2793, 2792
2316, 2793
2794, 1154
2794, 2795
2795, 2796
2796, 2797
2797, 2796
2795, 2797
2797, 2798
2798, 2797
2795, 2798
2799, 610
2294, 2800
2295, 2801
2802, 611
2297, 2803
2298, 2804
2805, 1165
2805, 2806
2806, 2807
2807, 2808
2808, 2807
2806, 2808
2808, 2809
2809, 2808
2806, 2809
2810, 1168
2810, 2811
2811, 2812
2812, 2813
2813, 2812
2811, 2813
2814, 707
2426, 2815
2427, 2816
2816, 2429
2429, 2816
2427, 2817
2817, 2430
2430, 2817
2427, 2818
2819, 170
2263, 2820
2264, 2821
2821, 2617
2617, 2821
2264, 2822
2822, 2618
2618, 2822
2264, 2823
2823, 2619
2619, 2823
2264, 2824
2824, 2620
2620, 2824
2264, 2825
2825, 2621
2621, 2825
2264, 2826
2826, 2622
2622, 2826
2264, 2827
2828, 815
2623, 2829
2624, 2830
2830, 2626
2626, 2830
2624, 2831
2831, 2627
2627, 2831
2624, 2832
2832, 2628
2628, 2832
2624, 2833
2833, 2629
2629, 2833
2624, 2834
2834, 2630
2630, 2834
2624, 2835
2835, 2631
2631, 2835
2624, 2836
2836, 2632
2632, 2836
2624, 2837
2838, 827
2633, 2839
2634, 2840
2840, 2636
2636, 2840
2634, 2841
2841, 2637
2637, 2841
2634, 2842
2842, 2638
2638, 2842
2634, 2843
2843, 2639
2639, 2843
2634, 2844
2845, 833
2641, 2846
2642, 2847
2847, 2644
2644, 2847
2642, 2848
2848, 2645
2645, 2848
2642, 2849
2849, 2646
2646, 2849
2642, 2850
2850, 2647
2647, 2850
2642, 2851
2851, 2648
2648, 2851
2642, 2852
2852, 2649
2649, 2852
2642, 2853
2853, 2650
2650, 2853
2642, 2854
2855, 857
2676, 2856
2677, 2857
2857, 2679
2679, 2857
2677, 2858
2858, 2859
2859, 2858
2677, 2859
2860, 1208
2860, 2861
2861, 2862
2862, 2863
2863, 2862
2861, 2863
2863, 2864
2864, 2863
2861, 2864
2864, 2865
2865, 2864
2861, 2865
2866, 1215
2866, 2867
2867, 2868
2868, 2869
2869, 2868
2867, 2869
2869, 2870
2870, 2869
2867, 2870
2870, 2871
2871, 2870
2867, 2871
2872, 243
2872, 2873
2873, 2874
2875, 245
2875, 2876
2876, 2877
2877, 2878
2878, 2877
2876, 2878
2878, 2879
2879, 2878
2876, 2879
2879, 2880
2880, 2879
2876, 2880
2881, 246
2881, 2882
2882, 2883
2883, 2884
2884, 2883
2882, 2884
2884, 2885
2885, 2884
2882, 2885
2885, 2886
2886, 2885
2882, 2886
2886, 2887
2887, 2886
2882, 2887
2888, 249
2888, 2889
2889, 2890
2891, 253
2891, 2892
2893, 260
2893, 2894
2894, 2895
2895, 2896
2896, 2895
2894, 2896
2896, 2897
2897, 2896
2894, 2897
2897, 2898
2898, 2897
2894, 2898
2899, 246
2881, 2900
2882, 2901
2901, 2884
2884, 2901
2882, 2902
2902, 2885
2885, 2902
2882, 2903
2903, 2886
2886, 2903
2882, 2904
2905, 249
2888, 2906
2889, 2907
2908, 268
2554, 2909
2555, 2910
2910, 2557
2557, 2910
2555, 2911
2911, 2558
2558, 2911
2555, 2912
2912, 2559
2559, 2912
2555, 2913
2913, 2560
2560, 2913
2555, 2914
2914, 2561
2561, 2914
2555, 2915
2915, 2562
2562, 2915
2555, 2916
2916, 2563
2563, 2916
2555, 2917
2917, 2564
2564, 2917
2555, 2918
2918, 2565
2565, 2918
2555, 2919
2919, 2566
2566, 2919
2555, 2920
2920, 2567
2567, 2920
2555, 2921
2922, 91
2156, 2923
2157, 2924
2924, 2159
2159, 2924
2157, 2925
2926, 273
2285, 2927
2286, 2928
2929, 274
2282, 2930
2283, 2931
2932, 279
2932, 2933
2933, 2934
2935, 284
2935, 2936
2936, 2937
2937, 2938
2938, 2937
2936, 2938
2939, 290
2939, 2940
2940, 2941
2941, 2942
2942, 2941
2940, 2942
2943, 91
2156, 2944
2157, 2945
2945, 2159
2159, 2945
2157, 2946
2946, 2216
2216, 2946
2157, 2947
2948, 273
2285, 2949
2286, 2950
2951, 274
2282, 2952
2283, 2953
2954, 279
2932, 2955
2933, 2956
2957, 284
2935, 2958
2936, 2959
2959, 2938
2938, 2959
2936, 2960
2961, 311
2961, 2962
2962, 2963
2964, 290
2939, 2965
2940, 2966
2966, 2942
2942, 2966
2940, 2967
2967, 2968
2968, 2967
2940, 2968
2969, 279
2932, 2970
2933, 2971
2972, 284
2935, 2973
2936, 2974
2974, 2938
2938, 2974
2936, 2975
2976, 363
2976, 2977
2977, 2978
2979, 367
2979, 2980
2980, 2981
2982, 91
2156, 2983
2157, 2984
2984, 2159
2159, 2984
2157, 2985
2986, 273
2285, 2987
2286, 2988
2989, 274
2282, 2990
2283, 2991
2992, 328
2992, 2993
2993, 2994
2994, 2995
2995, 2994
2993, 2995
2996, 91
2156, 2997
2157, 2998
2998, 2159
2159, 2998
2157, 2999
3000, 273
2285, 3001
2286, 3002
3003, 274
2282, 3004
2283, 3005
3006, 328
2992, 3007
2993, 3008
3009, 91
2156, 3010
2157, 3011
3011, 2159
2159, 3011
2157, 3012
3012, 2216
2216, 3012
2157, 3013
3014, 273
2285, 3015
2286, 3016
3017, 274
2282, 3018
2283, 3019
3020, 279
2932, 3021
2933, 3022
3023, 284
2935, 3024
2936, 3025
3025, 2938
2938, 3025
2936, 3026
3027, 387
3027, 3028
3028, 3029
3029, 3030
3030, 3029
3028, 3030
3031, 389
3031, 3032
3032, 3033
3033, 3034
3034, 3033
3032, 3034
3034, 3035
3035, 3034
3032, 3035
3036, 392
3036, 3037
3037, 3038
3038, 3039
3039, 3038
3037, 3039
3039, 3040
3040, 3039
3037, 3040
3040, 3041
3041, 3040
3037, 3041
3041, 3042
3042, 3041
3037, 3042
3042, 3043
3043, 3042
3037, 3043
3043, 3044
3044, 3043
3037, 3044
3044, 3045
3045, 3044
3037, 3045
3045, 3046
3046, 3045
3037, 3046
3046, 3047
3047, 3046
3037, 3047
3048, 412
3048, 3049
3049, 3050
3050, 3051
3051, 3050
3049, 3051
3052, 415
3052, 3053
3053, 3054
3055, 417
3055, 3056
3056, 3057
3058, 419
3058, 3059
3059, 3060
3061, 421
3061, 3062
3062, 3063
3064, 423
3064, 3065
3065, 3066
3066, 3067
3067, 3066
3065, 3067
3068, 426
3068, 3069
3069, 3070
3071, 428
3071, 3072
3072, 3073
3073, 3074
3074, 3073
3072, 3074
3075, 432
3075, 3076
3076, 3077
3078, 435
3078, 3079
3079, 3080
3080, 3081
3081, 3080
3079, 3081
3082, 438
3082, 3083
3083, 3084
3085, 440
3085, 3086
3086, 3087
3087, 3088
3088, 3087
3086, 3088
3089, 446
3089, 3090
3090, 3091
3091, 3092
3092, 3091
3090, 3092
3092, 3093
3093, 3092
3090, 3093
3094, 447
3094, 3095
3095, 3096
3096, 3097
3097, 3096
3095, 3097
3097, 3098
3098, 3097
3095, 3098
3098, 3099
3099, 3098
3095, 3099
3099, 3100
3100, 3099
3095, 3100
3101, 457
3101, 3102
3102, 3103
3103, 3104
3104, 3103
3102, 3104
3104, 3105
3105, 3104
3102, 3105
3106, 460
3106, 3107
3107, 3108
3108, 3109
3109, 3108
3107, 3109
3109, 3110
3110, 3109
3107, 3110
3111, 460
3106, 3112
3107, 3113
3113, 3109
3109, 3113
3107, 3114
3114, 3110
3110, 3114
3107, 3115
3116, 460
3106, 3117
3107, 3118
3118, 3109
3109, 3118
3107, 3119
3119, 3110
3110, 3119
3107, 3120
3121, 460
3106, 3122
3107, 3123
3123, 3109
3109, 3123
3107, 3124
3124, 3110
3110, 3124
3107, 3125
3126, 464
3126, 3127
3127, 3128
3128, 3129
3129, 3128
3127, 3129
3129, 3130
3130, 3129
3127, 3130
3131, 466
3131, 3132
3133, 477
3133, 3134
3134, 3135
3135, 3136
3136, 3135
3134, 3136
3137, 480
3137, 3138
3138, 3139
3139, 3140
3140, 3139
3138, 3140
3141, 484
3141, 3142
3142, 3143
3143, 3144
3144, 3143
3142, 3144
3145, 487
3145, 3146
3146, 3147
3147, 3148
3148, 3147
3146, 3148
3149, 489
3149, 3150
3150, 3151
3151, 3152
3152, 3151
3150, 3152
3153, 491
3153, 3154
3154, 3155
3155, 3156
3156, 3155
3154, 3156
3157, 493
3157, 3158
3158, 3159
3159, 3160
3160, 3159
3158, 3160
3161, 495
3161, 3162
3162, 3163
3163, 3164
3164, 3163
3162, 3164
3165, 499
3165, 3166
3166, 3167
3167, 3168
3168, 3167
3166, 3168
3168, 3169
3169, 3168
3166, 3169
3169, 3170
3170, 3169
3166, 3170
3171, 504
3171, 3172
3172, 3173
3173, 3174
3174, 3173
3172, 3174
3174, 3175
3175, 3174
3172, 3175
3175, 3176
3176, 3175
3172, 3176
3176, 3177
3177, 3176
3172, 3177
3177, 3178
3178, 3177
3172, 3178
3179, 509
3179, 3180
3180, 3181
3181, 3182
3182, 3181
3180, 3182
3182, 3183
3183, 3182
3180, 3183
3184, 515
3184, 3185
3185, 3186
3186, 3187
3187, 3186
3185, 3187
3187, 3188
3188, 3187
3185, 3188
3188, 3189
3189, 3188
3185, 3189
3189, 3190
3190, 3189
3185, 3190
3190, 3191
3191, 3190
3185, 3191
3191, 3192
3192, 3191
3185, 3192
3192, 3193
3193, 3192
3185, 3193
3194, 522
3194, 3195
3195, 3196
3196, 3197
3197, 3196
3195, 3197
3197, 3198
3198, 3197
3195, 3198
3198, 3199
3199, 3198
3195, 3199
3199, 3200
3200, 3199
3195, 3200
3200, 3201
3201, 3200
3195, 3201
3201, 3202
3202, 3201
3195, 3202
3203, 524
3203, 3204
3204, 3205
3205, 3206
3206, 3205
3204, 3206
3207, 525
3207, 3208
3208, 3209
3209, 3210
3210, 3209
3208, 3210
3210, 3211
3211, 3210
3208, 3211
3212, 526
3212, 3213
3214, 540
3214, 3215
3215, 3216
3216, 3217
3217, 3216
3215, 3217
3218, 544
3218, 3219
3219, 3220
3220, 3221
3221, 3220
3219, 3221
3221, 3222
3222, 3221
3219, 3222
3223, 553
3223, 3224
3224, 3225
3225, 3226
3226, 3225
3224, 3226
3226, 3227
3227, 3226
3224, 3227
3227, 3228
3228, 3227
3224, 3228
3229, 555
3229, 3230
3230, 3231
3231, 3232
3232, 3231
3230, 3232
3232, 3233
3233, 3232
3230, 3233
3233, 3234
3234, 3233
3230, 3234
3234, 3235
3235, 3234
3230, 3235
3235, 3236
3236, 3235
3230, 3236
3236, 3237
3237, 3236
3230, 3237
3238, 556
3238, 3239
3239, 3240
3240, 3241
3241, 3240
3239, 3241
3241, 3242
3242, 3241
3239, 3242
3242, 3243
3243, 3242
3239, 3243
3243, 3244
3244, 3243
3239, 3244
3245, 558
3245, 3246
3246, 3247
3247, 3248
3248, 3247
3246, 3248
3248, 3249
3249, 3248
3246, 3249
3249, 3250
3250, 3249
3246, 3250
3250, 3251
3251, 3250
3246, 3251
3252, 560
3252, 3253
3253, 3254
3254, 3255
3255, 3254
3253, 3255
3255, 3256
3256, 3255
3253, 3256
3256, 3257
3257, 3256
3253, 3257
3257, 3258
3258, 3257
3253, 3258
3258, 3259
3259, 3258
3253, 3259
3259, 3260
3260, 3259
3253, 3260
3260, 3261
3261, 3260
3253, 3261
3261, 3262
3262, 3261
3253, 3262
3262, 3263
3263, 3262
3253, 3263
3263, 3264
3264, 3263
3253, 3264
3264, 3265
3265, 3264
3253, 3265
3265, 3266
3266, 3265
3253, 3266
3266, 3267
3267, 3266
3253, 3267
3267, 3268
3268, 3267
3253, 3268
3268, 3269
3269, 3268
3253, 3269
3269, 3270
3270, 3269
3253, 3270
3271, 561
3271, 3272
3272, 3273
3274, 565
3274, 3275
3275, 3276
3276, 3277
3277, 3276
3275, 3277
3277, 3278
3278, 3277
3275, 3278
3279, 570
3279, 3280
3280, 3281
3282, 571
3282, 3283
3283, 3284
3284, 3285
3285, 3284
3283, 3285
3285, 3286
3286, 3285
3283, 3286
3286, 3287
3287, 3286
3283, 3287
3287, 3288
3288, 3287
3283, 3288
3288, 3289
3289, 3288
3283, 3289
3289, 3290
3290, 3289
3283, 3290
3290, 3291
3291, 3290
3283, 3291
3291, 3292
3292, 3291
3283, 3292
3292, 3293
3293, 3292
3283, 3293
3293, 3294
3294, 3293
3283, 3294
3294, 3295
3295, 3294
3283, 3295
3295, 3296
3296, 3295
3283, 3296
3296, 3297
3297, 3296
3283, 3297
3297, 3298
3298, 3297
3283, 3298
3299, 590
3299, 3300
3301, 591
3301, 3302
3302, 3303
3304, 593
3304, 3305
3306, 597
3306, 3307
3307, 3308
3308, 3309
3309, 3308
3307, 3309
3309, 3310
3310, 3309
3307, 3310
3310, 3311
3311, 3310
3307, 3311
3311, 3312
3312, 3311
3307, 3312
3312, 3313
3313, 3312
3307, 3313
3313, 3314
3314, 3313
3307, 3314
3314, 3315
3315, 3314
3307, 3315
3315, 3316
3316, 3315
3307, 3316
3316, 3317
3317, 3316
3307, 3317
3317, 3318
3318, 3317
3307, 3318
3318, 3319
3319, 3318
3307, 3319
3319, 3320
3320, 3319
3307, 3320
3321, 91
2156, 3322
2157, 3323
3323, 2159
2159, 3323
2157, 3324
3324, 2216
2216, 3324
2157, 3325
3325, 2217
2217, 3325
2157, 3326
3326, 2218
2218, 3326
2157, 3327
3328, 279
2932, 3329
2933, 3330
3331, 284
2935, 3332
2936, 3333
3334, 1231
3334, 3335
3335, 3336
3336, 3337
3337, 3336
3335, 3337
3338, 607
2288, 3339
2289, 3340
3341, 1235
3341, 3342
3342, 3343
3343, 3344
3344, 3343
3342, 3344
3345, 1237
3345, 3346
3346, 3347
3348, 1239
3348, 3349
3349, 3350
3351, 311
2961, 3352
2962, 3353
3354, 1242
3354, 3355
3355, 3356
3357, 1244
3357, 3358
3358, 3359
3360, 1253
3360, 3361
3361, 3362
3362, 3363
3363, 3362
3361, 3363
3364, 1255
3364, 3365
3365, 3366
3366, 3367
3367, 3366
3365, 3367
3367, 3368
3368, 3367
3365, 3368
3368, 3369
3369, 3368
3365, 3369
3369, 3370
3370, 3369
3365, 3370
3371, 1259
3371, 3372
3372, 3373
3373, 3374
3374, 3373
3372, 3374
3374, 3375
3375, 3374
3372, 3375
3375, 3376
3376, 3375
3372, 3376
3377, 1263
3377, 3378
3378, 3379
3379, 3380
3380, 3379
3378, 3380
3380, 3381
3381, 3380
3378, 3381
3381, 3382
3382, 3381
3378, 3382
3383, 1266
3383, 3384
3384, 3385
3385, 3386
3386, 3385
3384, 3386
3386, 3387
3387, 3386
3384, 3387
3387, 3388
3388, 3387
3384, 3388
3389, 1269
3389, 3390
3390, 3391
3392, 1273
3392, 3393
3393, 3394
3395, 1276
3395, 3396
3396, 3397
3398, 1280
3398, 3399
3399, 3400
3401, 1286
3401, 3402
3402, 3403
3404, 1294
3404, 3405
3405, 3406
3407, 1296
3407, 3408
3408, 3409
3410, 1298
3410, 3411
3411, 3412
3413, 1301
3413, 3414
3414, 3415
3416, 1303
3416, 3417
3417, 3418
3418, 3419
3419, 3418
3417, 3419
3419, 3420
3420, 3419
3417, 3420
3421, 1305
3421, 3422
3422, 3423
3423, 3424
3424, 3423
3422, 3424
3424, 3425
3425, 3424
3422, 3425
3426, 1309
3426, 3427
3427, 3428
3428, 3429
3429, 3428
3427, 3429
3429, 3430
3430, 3429
3427, 3430
3431, 1310
3431, 3432
3432, 3433
3433, 3434
3434, 3433
3432, 3434
3434, 3435
3435, 3434
3432, 3435
3435, 3436
3436, 3435
3432, 3436
3437, 1314
3437, 3438
3438, 3439
3439, 3440
3440, 3439
3438, 3440
3440, 3441
3441, 3440
3438, 3441
3441, 3442
3442, 3441
3438, 3442
3442, 3443
3443, 3442
3438, 3443
3444, 1322
3444, 3445
3445, 3446
3446, 3447
3447, 3446
3445, 3447
3447, 3448
3448, 3447
3445, 3448
3449, 1325
3449, 3450
3450, 3451
3451, 3452
3452, 3451
3450, 3452
3453, 1328
3453, 3454
3454, 3455
3455, 3456
3456, 3455
3454, 3456
3456, 3457
3457, 3456
3454, 3457
3457, 3458
3458, 3457
3454, 3458
3459, 1331
3459, 3460
3460, 3461
3461, 3462
3462, 3461
3460, 3462
3463, 1335
3463, 3464
3464, 3465
3465, 3466
3466, 3465
3464, 3466
3467, 1337
3467, 3468
3468, 3469
3469, 3470
3470, 3469
3468, 3470
3471, 1339
3471, 3472
3472, 3473
3473, 3474
3474, 3473
3472, 3474
3475, 1341
3475, 3476
3476, 3477
3477, 3478
3478, 3477
3476, 3478
3479, 1343
3479, 3480
3480, 3481
3481, 3482
3482, 3481
3480, 3482
3483, 1346
3483, 3484
3484, 3485
3485, 3486
3486, 3485
3484, 3486
3487, 1348
3487, 3488
3488, 3489
3489, 3490
3490, 3489
3488, 3490
3491, 1351
3491, 3492
3492, 3493
3493, 3494
3494, 3493
3492, 3494
3495, 1354
3495, 3496
3496, 3497
3498, 1360
3498, 3499
3499, 3500
3500, 3501
3501, 3500
3499, 3501
3501, 3502
3502, 3501
3499, 3502
3502, 3503
3503, 3502
3499, 3503
3503, 3504
3504, 3503
3499, 3504
3504, 3505
3505, 3504
3499, 3505
3506, 1366
3506, 3507
3507, 3508
3508, 3509
3509, 3508
3507, 3509
3509, 3510
3510, 3509
3507, 3510
3510, 3511
3511, 3510
3507, 3511
3511, 3512
3512, 3511
3507, 3512
3512, 3513
3513, 3512
3507, 3513
3514, 1375
3514, 3515
3515, 3516
3516, 3517
3517, 3516
3515, 3517
3518, 1379
3518, 3519
3519, 3520
3520, 3521
3521, 3520
3519, 3521
3521, 3522
3522, 3521
3519, 3522
3523, 1392
3523, 3524
3524, 3525
3525, 3526
3526, 3525
3524, 3526
3526, 3527
3527, 3526
3524, 3527
3528, 1394
3528, 3529
3529, 3530
3530, 3531
3531, 3530
3529, 3531
3531, 3532
3532, 3531
3529, 3532
3532, 3533
3533, 3532
3529, 3533
3533, 3534
3534, 3533
3529, 3534
3534, 3535
3535, 3534
3529, 3535
3535, 3536
3536, 3535
3529, 3536
3536, 3537
3537, 3536
3529, 3537
3537, 3538
3538, 3537
3529, 3538
3539, 1420
3539, 3540
3540, 3541
3541, 3542
3542, 3541
3540, 3542
3542, 3543
3543, 3542
3540, 3543
3544, 1422
3544, 3545
3545, 3546
3546, 3547
3547, 3546
3545, 3547
3547, 3548
3548, 3547
3545, 3548
3549, 1426
3549, 3550
3550, 3551
3552, 1428
3552, 3553
3554, 1430
3554, 3555
3555, 3556
3556, 3557
3557, 3556
3555, 3557
3557, 3558
3558, 3557
3555, 3558
3558, 3559
3559, 3558
3555, 3559
3559, 3560
3560, 3559
3555, 3560
3560, 3561
3561, 3560
3555, 3561
3561, 3562
3562, 3561
3555, 3562
3562, 3563
3563, 3562
3555, 3563
3563, 3564
3564, 3563
3555, 3564
3564, 3565
3565, 3564
3555, 3565
3565, 3566
3566, 3565
3555, 3566
3566, 3567
3567, 3566
3555, 3567
3567, 3568
3568, 3567
3555, 3568
3569, 1450
3569, 3570
3570, 3571
3571, 3572
3572, 3571
3570, 3572
3572, 3573
3573, 3572
3570, 3573
3574, 1456
3574, 3575
3575, 3576
3576, 3577
3577, 3576
3575, 3577
3578, 1457
3578, 3579
3579, 3580
3580, 3581
3581, 3580
3579, 3581
3581, 3582
3582, 3581
3579, 3582
3582, 3583
3583, 3582
3579, 3583
3584, 1459
3584, 3585
3585, 3586
3586, 3587
3587, 3586
3585, 3587
3587, 3588
3588, 3587
3585, 3588
3588, 3589
3589, 3588
3585, 3589
3589, 3590
3590, 3589
3585, 3590
3590, 3591
3591, 3590
3585, 3591
3592, 1463
3592, 3593
3593, 3594
3594, 3595
3595, 3594
3593, 3595
3595, 3596
3596, 3595
3593, 3596
3596, 3597
3597, 3596
3593, 3597
3598, 1465
3598, 3599
3599, 3600
3601, 1466
3601, 3602
3602, 3603
3603, 3604
3604, 3603
3602, 3604
3604, 3605
3605, 3604
3602, 3605
3605, 3606
3606, 3605
3602, 3606
3607, 1469
3607, 3608
3608, 3609
3609, 3610
3610, 3609
3608, 3610
3610, 3611
3611, 3610
3608, 3611
3611, 3612
3612, 3611
3608, 3612
3612, 3613
3613, 3612
3608, 3613
3614, 1476
3614, 3615
3615, 3616
3616, 3617
3617, 3616
3615, 3617
3617, 3618
3618, 3617
3615, 3618
3618, 3619
3619, 3618
3615, 3619
3620, 1480
3620, 3621
3621, 3622
3622, 3623
3623, 3622
3621, 3623
3623, 3624
3624, 3623
3621, 3624
3624, 3625
3625, 3624
3621, 3625
3625, 3626
3626, 3625
3621, 3626
3626, 3627
3627, 3626
3621, 3627
3628, 1485
3628, 3629
3629, 3630
3630, 3631
3631, 3630
3629, 3631
3631, 3632
3632, 3631
3629, 3632
3632, 3633
3633, 3632
3629, 3633
3633, 3634
3634, 3633
3629, 3634
3634, 3635
3635, 3634
3629, 3635
3635, 3636
3636, 3635
3629, 3636
3636, 3637
3637, 3636
3629, 3637
3638, 1486
3638, 3639
3639, 3640
3641, 1487
3641, 3642
3643, 1494
3643, 3644
3644, 3645
3645, 3646
3646, 3645
3644, 3646
3646, 3647
3647, 3646
3644, 3647
3648, 1497
3648, 3649
3649, 3650
3650, 3651
3651, 3650
3649, 3651
3651, 3652
3652, 3651
3649, 3652
3652, 3653
3653, 3652
3649, 3653
3653, 3654
3654, 3653
3649, 3654
3655, 1498
3655, 3656
3656, 3657
3657, 3658
3658, 3657
3656, 3658
3658, 3659
3659, 3658
3656, 3659
3659, 3660
3660, 3659
3656, 3660
3660, 3661
3661, 3660
3656, 3661
3662, 1499
3662, 3663
3663, 3664
3664, 3665
3665, 3664
3663, 3665
3666, 1505
3666, 3667
3668, 1508
3668, 3669
3669, 3670
3671, 1509
3671, 3672
3672, 3673
3673, 3674
3674, 3673
3672, 3674
3674, 3675
3675, 3674
3672, 3675
3676, 1510
3676, 3677
3677, 3678
3678, 3679
3679, 3678
3677, 3679
3679, 3680
3680, 3679
3677, 3680
3681, 1511
3681, 3682
3682, 3683
3683, 3684
3684, 3683
3682, 3684
3685, 1513
3685, 3686
3686, 3687
3687, 3688
3688, 3687
3686, 3688
3689, 1516
3689, 3690
3690, 3691
3691, 3692
3692, 3691
3690, 3692
3693, 1519
3693, 3694
3694, 3695
3696, 1521
3696, 3697
3697, 3698
3698, 3699
3699, 3698
3697, 3699
3700, 1523
3700, 3701
3701, 3702
3703, 1525
3703, 3704
3704, 3705
3705, 3706
3706, 3705
3704, 3706
3707, 1527
3707, 3708
3708, 3709
3710, 1529
3710, 3711
3712, 91
2156, 3713
2157, 3714
3714, 2159
2159, 3714
2157, 3715
3715, 2216
2216, 3715
2157, 3716
3717, 1536
3717, 3718
3718, 3719
3719, 3720
3720, 3719
3718, 3720
3720, 3721
3721, 3720
3718, 3721
3722, 273
2285, 3723
2286, 3724
3725, 1540
3725, 3726
3727, 1542
3727, 3728
3728, 3729
3730, 91
2156, 3731
3732, 1549
3732, 3733
3734, 1551
3734, 3735
3736, 1555
3736, 3737
3738, 1558
3738, 3739
3740, 1560
3740, 3741
3742, 1568
3742, 3743
3744, 1580
3744, 3745
3746, 1568
3742, 3747
3748, 1588
3748, 3749
3750, 1591
3750, 3751
3752, 1594
3752, 3753
3753, 3754
3754, 3755
3755, 3754
3753, 3755
3756, 1597
3756, 3757
3757, 3758
3758, 3759
3759, 3758
3757, 3759
3760, 1599
3760, 3761
3762, 1615
3762, 3763
3764, 1623
3764, 3765
3766, 1626
3766, 3767
3768, 1630
3768, 3769
3770, 1661
3770, 3771
3772, 1568
3742, 3773
3774, 1568
3742, 3775
3776, 1679
3776, 3777
3778, 1568
3742, 3779
3780, 1691
3780, 3781
3782, 1694
3782, 3783
3783, 3784
3785, 1697
3785, 3786
3786, 3787
3788, 1623
3764, 3789
3790, 1630
3768, 3791
3792, 1568
3742, 3793
3794, 1713
3794, 3795
3796, 1716
3796, 3797
3797, 3798
3799, 1717
3799, 3800
3801, 1724
3801, 3802
3803, 1568
3742, 3804
3805, 1735
3805, 3806
3807, 561
3271, 3808
3272, 3809
3810, 1746
3810, 3811
3811, 3812
3812, 3813
3813, 3812
3811, 3813
3813, 3814
3814, 3813
3811, 3814
3815, 1568
3742, 3816
3817, 1755
3817, 3818
3819, 1568
3742, 3820
3821, 1761
3821, 3822
3823, 1765
3823, 3824
3825, 1766
3825, 3826
3827, 1768
3827, 3828
3829, 1769
3829, 3830
3831, 1769
3829, 3832
3833, 1774
3833, 3834
3835, 1781
3835, 3836
3837, 1784
3837, 3838
3839, 1786
3839, 3840
3841, 1791
3841, 3842
3843, 1792
3843, 3844
3845, 1816
3845, 3846
3847, 1775
3847, 3848
3849, 1826
3849, 3850
3851, 1827
3851, 3852
3853, 1828
3853, 3854
3855, 1829
3855, 3856
3857, 1830
3857, 3858
3859, 1840
3859, 3860
3861, 1841
3861, 3862
3863, 1787
3863, 3864
3865, 1842
3865, 3866
3867, 1857
3867, 3868
3869, 1871
3869, 3870
3871, 1845
3871, 3872
3873, 1843
3873, 3874
3875, 1845
3871, 3876
3877, 1859
3877, 3878
3879, 1860
3879, 3880
3881, 1846
3881, 3882
3883, 1776
3883, 3884
3885, 1876
3885, 3886
3887, 1877
3887, 3888
3889, 1776
3883, 3890
3891, 1879
3891, 3892
3893, 1880
3893, 3894
3895, 1884
3895, 3896
3897, 1895
3897, 3898
3899, 1899
3899, 3900
3901, 1901
3901, 3902
3903, 1903
3903, 3904
3905, 1905
3905, 3906
3907, 1907
3907, 3908
3909, 1909
3909, 3910
3911, 1911
3911, 3912
3913, 1776
3883, 3914
3915, 1817
3915, 3916
3917, 1793
3917, 3918
3919, 1818
3919, 3920
3921, 1794
3921, 3922
3923, 1795
3923, 3924
3925, 1796
3925, 3926
3927, 1861
3927, 3928
3929, 1915
3929, 3930
3931, 1920
3931, 3932
3933, 1782
3933, 3934
3935, 1837
3935, 3936
3937, 1827
3851, 3938
3939, 1829
3855, 3940
3941, 1797
3941, 3942
3943, 1896
3943, 3944
3945, 1920
3931, 3946
3947, 1988
3947, 3948
3949, 1990
3949, 3950
3951, 1993
3951, 3952
3953, 1788
3953, 3954
3955, 1847
3955, 3956
3957, 1995
3957, 3958
3959, 1819
3959, 3960
3961, 1997
3961, 3962
3963, 1984
3963, 3964
3965, 1847
3955, 3966
3967, 2001
3967, 3968
3969, 2003
3969, 3970
3971, 2004
3971, 3972
3973, 2008
3973, 3974
3975, 3976
3977, 2005
3977, 3978
3979, 2006
3979, 3980
3981, 2010
3981, 3982
3983, 1820
3983, 3984
3985, 1798
3985, 3986
3987, 1804
3987, 3988
3989, 1849
3989, 3990
3991, 1850
3991, 3992
3993, 1791
3841, 3994
3995, 1791
3841, 3996
3997, 1862
3997, 3998
3999, 1984
3963, 4000
4001, 2025
4001, 4002
4003, 1857
3867, 4004
4005, 2020
4005, 4006
4007, 1863
4007, 4008
4009, 1821
4009, 4010
4011, 2027
4011, 4012
4013, 2031
4013, 4014
4015, 1925
4015, 4016
4017, 1926
4017, 4018
4019, 1927
4019, 4020
4021, 1928
4021, 4022
4023, 1929
4023, 4024
4025, 1930
4025, 4026
4027, 1931
4027, 4028
4029, 2037
4029, 4030
4031, 1799
4031, 4032
4033, 1932
4033, 4034
4035, 1933
4035, 4036
4037, 1831
4037, 4038
4039, 1832
4039, 4040
4041, 1936
4041, 4042
4043, 1833
4043, 4044
4045, 1938
4045, 4046
4047, 1939
4047, 4048
4049, 1774
3833, 4050
4051, 1777
4051, 4052
4053, 1831
4037, 4054
4055, 1933
4035, 4056
4057, 1832
4039, 4058
4059, 1833
4043, 4060
4061, 1942
4061, 4062
4063, 1800
4063, 4064
4065, 1778
4065, 4066
4067, 1822
4067, 4068
4069, 2039
4069, 4070
4071, 2041
4071, 4072
4073, 2043
4073, 4074
4075, 2044
4075, 4076
4077, 2046
4077, 4078
4079, 2048
4079, 4080
4081, 1774
3833, 4082
4083, 2051
4083, 4084
4085, 2054
4085, 4086
4087, 1823
4087, 4088
4089, 1881
4089, 4090
4091, 1882
4091, 4092
4093, 1920
3931, 4094
4095, 1864
4095, 4096
4097, 1770
4097, 4098
4099, 1852
4099, 4100
4101, 1801
4101, 4102
4103, 2028
4103, 4104
4105, 1771
4105, 4106
4107, 1772
4107, 4108
4109, 1944
4109, 4110
4111, 1835
4111, 4112
4113, 1946
4113, 4114
4115, 1984
3963, 4116
4117, 1854
4117, 4118
4119, 1802
4119, 4120
4121, 1854
4117, 4122
4123, 1854
4117, 4124
4125, 1879
3891, 4126
4127, 1853
4127, 4128
4129, 1897
4129, 4130
4131, 1886
4131, 4132
4133, 1887
4133, 4134
4135, 2062
4135, 4136
4137, 2065
4137, 4138
4139, 2066
4139, 4140
4141, 2067
4141, 4142
4143, 2068
4143, 4144
4145, 2063
4145, 4146
4147, 2070
4147, 4148
4149, 1777
4051, 4150
4151, 1873
4151, 4152
4153, 1778
4065, 4154
4155, 1775
3847, 4156
4157, 1857
3867, 4158
4159, 1777
4051, 4160
4161, 1948
4161, 4162
4163, 1949
4163, 4164
4165, 2074
4165, 4166
4167, 1857
3867, 4168
4169, 2075
4169, 4170
4171, 1778
4065, 4172
4173, 2077
4173, 4174
4175, 1803
4175, 4176
4177, 1854
4117, 4178
4179, 2079
4179, 4180
4181, 1920
3931, 4182
4183, 1768
3827, 4184
4185, 1779
4185, 4186
4187, 2087
4187, 4188
4189, 1804
3987, 4190
4191, 2089
4191, 4192
4193, 2090
4193, 4194
4195, 2091
4195, 4196
4197, 2092
4197, 4198
4199, 1888
4199, 4200
4201, 1889
4201, 4202
4203, 1866
4203, 4204
4205, 1920
3931, 4206
4207, 1791
3841, 4208
4209, 2097
4209, 4210
4211, 2011
4211, 4212
4213, 1777
4051, 4214
4215, 1950
4215, 4216
4217, 4218
4219, 4220
4221, 2035
4221, 4222
4223, 1951
4223, 4224
4225, 1788
3953, 4226
4227, 1867
4227, 4228
4229, 1855
4229, 4230
4231, 1873
4151, 4232
4233, 1856
4233, 4234
4235, 1805
4235, 4236
4237, 2099
4237, 4238
4239, 2103
4239, 4240
4241, 1920
3931, 4242
4243, 1850
3991, 4244
4245, 1806
4245, 4246
4247, 1807
4247, 4248
4249, 1868
4249, 4250
4251, 2108
4251, 4252
4253, 2060
4253, 4254
4255, 1813
4255, 4256
4257, 2080
4257, 4258
4259, 1808
4259, 4260
4261, 2082
4261, 4262
4263, 2113
4263, 4264
4265, 2116
4265, 4266
4267, 2118
4267, 4268
4269, 2119
4269, 4270
4271, 1789
4271, 4272
4273, 1984
3963, 4274
4275, 1824
4275, 4276
4277, 1849
3989, 4278
4279, 1857
3867, 4280
4281, 1854
4117, 4282
4283, 1920
3931, 4284
4285, 1835
4111, 4286
4287, 1836
4287, 4288
4289, 1837
3935, 4290
4291, 1984
3963, 4292
4293, 1777
4051, 4294
4295, 2100
4295, 4296
4297, 1809
4297, 4298
4299, 1810
4299, 4300
4301, 1952
4301, 4302
4303, 1953
4303, 4304
4305, 1811
4305, 4306
4307, 1873
4151, 4308
4309, 1854
4117, 4310
4311, 2124
4311, 4312
4313, 1954
4313, 4314
4315, 1955
4315, 4316
4317, 1873
4151, 4318
4319, 1873
4151, 4320
4321, 1849
3989, 4322
4323, 1850
3991, 4324
4325, 2052
4325, 4326
4327, 2012
4327, 4328
4329, 2130
4329, 4330
4331, 2013
4331, 4332
4333, 2060
4253, 4334
4335, 1812
4335, 4336
4337, 1808
4259, 4338
4339, 1808
4259, 4340
4341, 1776
3883, 4342
4343, 1880
3893, 4344
4345, 1916
4345, 4346
4347, 1917
4347, 4348
4349, 2136
4349, 4350
4351, 2138
4351, 4352
4353, 1813
4255, 4354
4355, 1814
4355, 4356
4357, 1984
3963, 4358
4359, 2114
4359, 4360
4361, 2109
4361, 4362
4363, 2142
4363, 4364
4365, 2101
4365, 4366
4367, 2144
4367, 4368
4369, 4370
4371, 1892
4371, 4372
4373, 1893
4373, 4374
4375, 4376
4377, 2147
4377, 4378
4379, 4380
4381, 2093
4381, 4382
4383, 1956
4383, 4384
4385, 1957
4385, 4386
4387, 1958
4387, 4388
4389, 1959
4389, 4390
4391, 1960
4391, 4392
4393, 1961
4393, 4394
4395, 1962
4395, 4396
4397, 1963
4397, 4398
4399, 1964
4399, 4400
4401, 2149
4401, 4402
4403, 1965
4403, 4404
4405, 1966
4405, 4406
4407, 1967
4407, 4408
4409, 1968
4409, 4410
4411, 1969
4411, 4412
4413, 1970
4413, 4414
4415, 1971
4415, 4416
4417, 1776
3883, 4418
4419, 1973
4419, 4420
4421, 1974
4421, 4422
4423, 1830
3857, 4424
4425, 1976
4425, 4426
4427, 1977
4427, 4428
4429, 2032
4429, 4430
4431, 2033
4431, 4432
4433, 2034
4433, 4434
4435, 2035
4221, 4436
4437, 1852
4099, 4438
4439, 4440
4441, 1978
4441, 4442
4443, 1979
4443, 4444
